timestamp;dataset;config;contamination_rate;purification_method;train_limit;n_train_original;n_train_after_purification;n_contaminated;n_patches_removed;n_test;n_normal_test;n_anomaly_test;seed;knn_k;percentile_threshold;img_auroc;img_aupr;img_f1max;tpr_fpr1;tpr_fpr5;auroc_delta_vs_clean;recovery_rate;inference_time_s
2026-02-14T11:57:03.230146;mvtec_AD/bottle;cont_0pct_none;0.0;none;10;10;10;0;0;83;20;63;0;3;95;0.9810;0.9942;0.9683;0.8571;0.8889;;;5.99
2026-02-14T11:57:08.783067;mvtec_AD/bottle;cont_0pct_loo_patch;0.0;loo_patch;10;10;10;0;392;83;20;63;0;3;95;0.9778;0.9934;0.9612;0.8889;0.9048;-0.0032;;5.45
2026-02-14T11:57:13.399522;mvtec_AD/bottle;cont_30pct_none;0.3;none;10;10;10;3;0;83;20;63;0;3;95;0.9310;0.9817;0.9440;0.8254;0.8730;-0.0500;;4.51
2026-02-14T11:57:18.612279;mvtec_AD/bottle;cont_30pct_loo_patch;0.3;loo_patch;10;10;10;3;392;83;20;63;0;3;95;0.9754;0.9927;0.9688;0.8571;0.8730;-0.0056;0.8889;5.10
2026-02-14T11:57:23.296532;mvtec_AD/bottle;cont_0pct_none;0.0;none;10;10;10;0;0;83;20;63;0;5;95;0.9794;0.9937;0.9612;0.8571;0.9048;;;4.50
2026-02-14T11:57:28.549725;mvtec_AD/bottle;cont_0pct_loo_patch;0.0;loo_patch;10;10;10;0;392;83;20;63;0;5;95;0.9810;0.9942;0.9612;0.8730;0.9048;0.0016;;5.17
2026-02-14T11:57:32.909127;mvtec_AD/bottle;cont_30pct_none;0.3;none;10;10;10;3;0;83;20;63;0;5;95;0.9333;0.9824;0.9440;0.8413;0.8571;-0.0460;;4.25
2026-02-14T11:57:37.899549;mvtec_AD/bottle;cont_30pct_loo_patch;0.3;loo_patch;10;10;10;3;392;83;20;63;0;5;95;0.9770;0.9930;0.9688;0.8730;0.8889;-0.0024;0.9483;4.91
2026-02-14T11:57:46.076225;mvtec_AD/cable;cont_0pct_none;0.0;none;10;10;10;0;0;150;58;92;0;3;95;0.9346;0.9629;0.8776;0.7065;0.7717;;;7.48
2026-02-14T11:57:54.560544;mvtec_AD/cable;cont_0pct_loo_patch;0.0;loo_patch;10;10;10;0;392;150;58;92;0;3;95;0.9211;0.9554;0.8827;0.6413;0.7174;-0.0135;;8.32
2026-02-14T11:58:02.409861;mvtec_AD/cable;cont_30pct_none;0.3;none;10;10;10;3;0;150;58;92;0;3;95;0.8855;0.9397;0.8495;0.6087;0.7174;-0.0491;;7.69
2026-02-14T11:58:10.872109;mvtec_AD/cable;cont_30pct_loo_patch;0.3;loo_patch;10;10;10;3;392;150;58;92;0;3;95;0.9044;0.9480;0.8632;0.6304;0.7065;-0.0302;0.3855;8.30
2026-02-14T11:58:18.654461;mvtec_AD/cable;cont_0pct_none;0.0;none;10;10;10;0;0;150;58;92;0;5;95;0.9312;0.9615;0.8788;0.6957;0.7609;;;7.53
2026-02-14T11:58:27.073947;mvtec_AD/cable;cont_0pct_loo_patch;0.0;loo_patch;10;10;10;0;392;150;58;92;0;5;95;0.9211;0.9562;0.8710;0.6413;0.7609;-0.0101;;8.25
2026-02-14T11:58:34.696921;mvtec_AD/cable;cont_30pct_none;0.3;none;10;10;10;3;0;150;58;92;0;5;95;0.8825;0.9377;0.8571;0.5978;0.6739;-0.0487;;7.45
2026-02-14T11:58:43.240138;mvtec_AD/cable;cont_30pct_loo_patch;0.3;loo_patch;10;10;10;3;392;150;58;92;0;5;95;0.9097;0.9504;0.8715;0.5978;0.7391;-0.0216;0.5577;8.39
2026-02-14T13:40:09.130618;mvtec_AD/bottle;cont_0pct_none;0.0;none;10;10;10;0;0;83;20;63;0;1;95;0.9825;0.9946;0.9764;0.8730;0.8889;;;5.35
2026-02-14T13:40:13.756731;mvtec_AD/bottle;cont_0pct_loo_patch;0.0;loo_patch;10;10;10;0;392;83;20;63;0;1;95;0.9794;0.9939;0.9612;0.8889;0.9048;-0.0032;;4.62
2026-02-14T13:40:17.653878;mvtec_AD/bottle;cont_30pct_none;0.3;none;10;10;10;3;0;83;20;63;0;1;95;0.9325;0.9824;0.9440;0.8413;0.8571;-0.0500;;3.89
2026-02-14T13:40:22.285398;mvtec_AD/bottle;cont_30pct_loo_patch;0.3;loo_patch;10;10;10;3;392;83;20;63;0;1;95;0.9627;0.9898;0.9531;0.8730;0.8889;-0.0198;0.6032;4.63
2026-02-14T13:40:26.309549;mvtec_AD/bottle;cont_0pct_none;0.0;none;10;10;10;0;0;83;20;63;0;7;95;0.9786;0.9935;0.9612;0.8571;0.9048;;;3.82
2026-02-14T13:40:30.929795;mvtec_AD/bottle;cont_0pct_loo_patch;0.0;loo_patch;10;10;10;0;392;83;20;63;0;7;95;0.9857;0.9955;0.9764;0.8730;0.9048;0.0071;;4.62
2026-02-14T13:40:34.805999;mvtec_AD/bottle;cont_30pct_none;0.3;none;10;10;10;3;0;83;20;63;0;7;95;0.9421;0.9840;0.9449;0.7937;0.8571;-0.0365;;3.86
2026-02-14T13:40:39.516589;mvtec_AD/bottle;cont_30pct_loo_patch;0.3;loo_patch;10;10;10;3;392;83;20;63;0;7;95;0.9762;0.9928;0.9612;0.8571;0.8889;-0.0024;0.9348;4.71
2026-02-14T13:40:43.529525;mvtec_AD/bottle;cont_0pct_none;0.0;none;10;10;10;0;0;83;20;63;0;10;95;0.9817;0.9944;0.9688;0.8571;0.9048;;;3.94
2026-02-14T13:40:48.238573;mvtec_AD/bottle;cont_0pct_loo_patch;0.0;loo_patch;10;10;10;0;392;83;20;63;0;10;95;0.9857;0.9955;0.9764;0.8889;0.8889;0.0040;;4.71
2026-02-14T13:40:52.123084;mvtec_AD/bottle;cont_30pct_none;0.3;none;10;10;10;3;0;83;20;63;0;10;95;0.9484;0.9856;0.9524;0.8095;0.8413;-0.0333;;3.87
2026-02-14T13:40:56.861707;mvtec_AD/bottle;cont_30pct_loo_patch;0.3;loo_patch;10;10;10;3;392;83;20;63;0;10;95;0.9802;0.9939;0.9688;0.8889;0.8889;-0.0016;0.9524;4.74
2026-02-14T13:41:00.819967;mvtec_AD/bottle;cont_0pct_none;0.0;none;10;10;10;0;0;83;20;63;1;1;95;0.9802;0.9939;0.9606;0.8730;0.9048;;;3.88
2026-02-14T13:41:05.481515;mvtec_AD/bottle;cont_0pct_loo_patch;0.0;loo_patch;10;10;10;0;392;83;20;63;1;1;95;0.9810;0.9941;0.9688;0.8730;0.8730;0.0008;;4.66
2026-02-14T13:41:09.436433;mvtec_AD/bottle;cont_30pct_none;0.3;none;10;10;10;3;0;83;20;63;1;1;95;0.9325;0.9820;0.9375;0.8254;0.8254;-0.0476;;3.94
2026-02-14T13:41:14.049623;mvtec_AD/bottle;cont_30pct_loo_patch;0.3;loo_patch;10;10;10;3;392;83;20;63;1;1;95;0.9817;0.9943;0.9612;0.8889;0.8889;0.0016;1.0333;4.61
2026-02-14T13:41:17.939993;mvtec_AD/bottle;cont_0pct_none;0.0;none;10;10;10;0;0;83;20;63;1;3;95;0.9825;0.9945;0.9688;0.8730;0.9048;;;3.82
2026-02-14T13:41:22.534487;mvtec_AD/bottle;cont_0pct_loo_patch;0.0;loo_patch;10;10;10;0;392;83;20;63;1;3;95;0.9849;0.9953;0.9688;0.8889;0.8889;0.0024;;4.59
2026-02-14T13:41:26.395511;mvtec_AD/bottle;cont_30pct_none;0.3;none;10;10;10;3;0;83;20;63;1;3;95;0.9325;0.9819;0.9375;0.8254;0.8413;-0.0500;;3.85
2026-02-14T13:41:30.996934;mvtec_AD/bottle;cont_30pct_loo_patch;0.3;loo_patch;10;10;10;3;392;83;20;63;1;3;95;0.9825;0.9945;0.9618;0.8730;0.8889;0.0000;1.0000;4.60
2026-02-14T13:41:34.956984;mvtec_AD/bottle;cont_0pct_none;0.0;none;10;10;10;0;0;83;20;63;1;5;95;0.9825;0.9946;0.9612;0.8730;0.9206;;;3.89
2026-02-14T13:41:39.551221;mvtec_AD/bottle;cont_0pct_loo_patch;0.0;loo_patch;10;10;10;0;392;83;20;63;1;5;95;0.9873;0.9960;0.9764;0.8889;0.8889;0.0048;;4.59
2026-02-14T13:41:43.378590;mvtec_AD/bottle;cont_30pct_none;0.3;none;10;10;10;3;0;83;20;63;1;5;95;0.9333;0.9820;0.9449;0.8095;0.8413;-0.0492;;3.82
2026-02-14T13:41:48.097938;mvtec_AD/bottle;cont_30pct_loo_patch;0.3;loo_patch;10;10;10;3;392;83;20;63;1;5;95;0.9825;0.9945;0.9692;0.8730;0.8730;0.0000;1.0000;4.72
2026-02-14T13:41:52.051658;mvtec_AD/bottle;cont_0pct_none;0.0;none;10;10;10;0;0;83;20;63;1;7;95;0.9841;0.9949;0.9692;0.8730;0.9206;;;3.89
2026-02-14T13:41:56.766613;mvtec_AD/bottle;cont_0pct_loo_patch;0.0;loo_patch;10;10;10;0;392;83;20;63;1;7;95;0.9865;0.9957;0.9764;0.8889;0.8889;0.0024;;4.71
2026-02-14T13:42:00.697581;mvtec_AD/bottle;cont_30pct_none;0.3;none;10;10;10;3;0;83;20;63;1;7;95;0.9468;0.9853;0.9531;0.8254;0.8254;-0.0373;;3.92
2026-02-14T13:42:05.311183;mvtec_AD/bottle;cont_30pct_loo_patch;0.3;loo_patch;10;10;10;3;392;83;20;63;1;7;95;0.9841;0.9950;0.9692;0.8889;0.8889;0.0000;1.0000;4.61
2026-02-14T13:42:09.260969;mvtec_AD/bottle;cont_0pct_none;0.0;none;10;10;10;0;0;83;20;63;1;10;95;0.9817;0.9942;0.9688;0.8571;0.8889;;;3.88
2026-02-14T13:42:13.895532;mvtec_AD/bottle;cont_0pct_loo_patch;0.0;loo_patch;10;10;10;0;392;83;20;63;1;10;95;0.9873;0.9960;0.9764;0.8889;0.8889;0.0056;;4.63
2026-02-14T13:42:17.807833;mvtec_AD/bottle;cont_30pct_none;0.3;none;10;10;10;3;0;83;20;63;1;10;95;0.9643;0.9891;0.9531;0.8254;0.8254;-0.0175;;3.90
2026-02-14T13:42:22.422819;mvtec_AD/bottle;cont_30pct_loo_patch;0.3;loo_patch;10;10;10;3;392;83;20;63;1;10;95;0.9857;0.9955;0.9692;0.8889;0.8889;0.0040;1.2273;4.61
2026-02-14T13:42:26.414785;mvtec_AD/bottle;cont_0pct_none;0.0;none;10;10;10;0;0;83;20;63;2;1;95;0.9841;0.9951;0.9688;0.8730;0.9206;;;3.92
2026-02-14T13:42:31.006686;mvtec_AD/bottle;cont_0pct_loo_patch;0.0;loo_patch;10;10;10;0;392;83;20;63;2;1;95;0.9857;0.9956;0.9764;0.9048;0.9048;0.0016;;4.59
2026-02-14T13:42:34.879663;mvtec_AD/bottle;cont_30pct_none;0.3;none;10;10;10;3;0;83;20;63;2;1;95;0.9397;0.9844;0.9516;0.8571;0.8571;-0.0444;;3.86
2026-02-14T13:42:39.527406;mvtec_AD/bottle;cont_30pct_loo_patch;0.3;loo_patch;10;10;10;3;392;83;20;63;2;1;95;0.9730;0.9927;0.9683;0.9048;0.9048;-0.0111;0.7500;4.64
2026-02-14T13:42:43.461257;mvtec_AD/bottle;cont_0pct_none;0.0;none;10;10;10;0;0;83;20;63;2;3;95;0.9865;0.9958;0.9764;0.8889;0.9048;;;3.86
2026-02-14T13:42:48.109752;mvtec_AD/bottle;cont_0pct_loo_patch;0.0;loo_patch;10;10;10;0;392;83;20;63;2;3;95;0.9857;0.9956;0.9764;0.8889;0.9048;-0.0008;;4.65
2026-02-14T13:42:52.088049;mvtec_AD/bottle;cont_30pct_none;0.3;none;10;10;10;3;0;83;20;63;2;3;95;0.9413;0.9846;0.9524;0.8413;0.8730;-0.0452;;3.97
2026-02-14T13:42:56.662125;mvtec_AD/bottle;cont_30pct_loo_patch;0.3;loo_patch;10;10;10;3;392;83;20;63;2;3;95;0.9730;0.9925;0.9688;0.8571;0.9048;-0.0135;0.7018;4.57
2026-02-14T13:43:00.528774;mvtec_AD/bottle;cont_0pct_none;0.0;none;10;10;10;0;0;83;20;63;2;5;95;0.9849;0.9953;0.9764;0.8889;0.9048;;;3.79
2026-02-14T13:43:05.189522;mvtec_AD/bottle;cont_0pct_loo_patch;0.0;loo_patch;10;10;10;0;392;83;20;63;2;5;95;0.9849;0.9954;0.9764;0.8889;0.9048;0.0000;;4.66
2026-02-14T13:43:09.082694;mvtec_AD/bottle;cont_30pct_none;0.3;none;10;10;10;3;0;83;20;63;2;5;95;0.9421;0.9849;0.9600;0.8254;0.8730;-0.0429;;3.88
2026-02-14T13:43:13.684088;mvtec_AD/bottle;cont_30pct_loo_patch;0.3;loo_patch;10;10;10;3;392;83;20;63;2;5;95;0.9738;0.9928;0.9764;0.8571;0.9048;-0.0111;0.7407;4.60
2026-02-14T13:43:17.548210;mvtec_AD/bottle;cont_0pct_none;0.0;none;10;10;10;0;0;83;20;63;2;7;95;0.9849;0.9953;0.9764;0.8730;0.9048;;;3.80
2026-02-14T13:43:22.196175;mvtec_AD/bottle;cont_0pct_loo_patch;0.0;loo_patch;10;10;10;0;392;83;20;63;2;7;95;0.9841;0.9952;0.9764;0.8889;0.9048;-0.0008;;4.65
2026-02-14T13:43:26.060469;mvtec_AD/bottle;cont_30pct_none;0.3;none;10;10;10;3;0;83;20;63;2;7;95;0.9667;0.9905;0.9600;0.8254;0.8730;-0.0183;;3.85
2026-02-14T13:43:30.673529;mvtec_AD/bottle;cont_30pct_loo_patch;0.3;loo_patch;10;10;10;3;392;83;20;63;2;7;95;0.9738;0.9928;0.9764;0.8730;0.8889;-0.0111;0.3913;4.61
2026-02-14T13:43:34.663039;mvtec_AD/bottle;cont_0pct_none;0.0;none;10;10;10;0;0;83;20;63;2;10;95;0.9873;0.9960;0.9764;0.8730;0.9048;;;3.92
2026-02-14T13:43:39.324602;mvtec_AD/bottle;cont_0pct_loo_patch;0.0;loo_patch;10;10;10;0;392;83;20;63;2;10;95;0.9841;0.9951;0.9764;0.8889;0.8889;-0.0032;;4.66
2026-02-14T13:43:43.261511;mvtec_AD/bottle;cont_30pct_none;0.3;none;10;10;10;3;0;83;20;63;2;10;95;0.9722;0.9922;0.9764;0.8254;0.9048;-0.0151;;3.92
2026-02-14T13:43:48.025780;mvtec_AD/bottle;cont_30pct_loo_patch;0.3;loo_patch;10;10;10;3;392;83;20;63;2;10;95;0.9746;0.9931;0.9764;0.8889;0.8889;-0.0127;0.1579;4.76
2026-02-14T13:43:51.964461;mvtec_AD/bottle;cont_0pct_none;0.0;none;10;10;10;0;0;83;20;63;3;1;95;0.9754;0.9930;0.9683;0.9048;0.9048;;;3.86
2026-02-14T13:43:56.608871;mvtec_AD/bottle;cont_0pct_loo_patch;0.0;loo_patch;10;10;10;0;392;83;20;63;3;1;95;0.9714;0.9919;0.9600;0.8889;0.8889;-0.0040;;4.64
2026-02-14T13:44:00.533338;mvtec_AD/bottle;cont_30pct_none;0.3;none;10;10;10;3;0;83;20;63;3;1;95;0.9254;0.9804;0.9431;0.8254;0.8571;-0.0500;;3.91
2026-02-14T13:44:05.130893;mvtec_AD/bottle;cont_30pct_loo_patch;0.3;loo_patch;10;10;10;3;391;83;20;63;3;1;95;0.9698;0.9911;0.9683;0.8254;0.8730;-0.0056;0.8889;4.59
2026-02-14T13:44:09.012603;mvtec_AD/bottle;cont_0pct_none;0.0;none;10;10;10;0;0;83;20;63;3;3;95;0.9746;0.9928;0.9606;0.9048;0.9048;;;3.81
2026-02-14T13:44:13.597719;mvtec_AD/bottle;cont_0pct_loo_patch;0.0;loo_patch;10;10;10;0;392;83;20;63;3;3;95;0.9738;0.9926;0.9606;0.9048;0.9048;-0.0008;;4.58
2026-02-14T13:44:17.497798;mvtec_AD/bottle;cont_30pct_none;0.3;none;10;10;10;3;0;83;20;63;3;3;95;0.9278;0.9810;0.9365;0.8413;0.8571;-0.0468;;3.89
2026-02-14T13:44:22.096683;mvtec_AD/bottle;cont_30pct_loo_patch;0.3;loo_patch;10;10;10;3;392;83;20;63;3;3;95;0.9738;0.9924;0.9612;0.8571;0.9048;-0.0008;0.9831;4.59
2026-02-14T13:44:25.982689;mvtec_AD/bottle;cont_0pct_none;0.0;none;10;10;10;0;0;83;20;63;3;5;95;0.9754;0.9930;0.9606;0.9048;0.9048;;;3.81
2026-02-14T13:44:30.530589;mvtec_AD/bottle;cont_0pct_loo_patch;0.0;loo_patch;10;10;10;0;392;83;20;63;3;5;95;0.9786;0.9939;0.9683;0.9048;0.9048;0.0032;;4.54
2026-02-14T13:44:34.442003;mvtec_AD/bottle;cont_30pct_none;0.3;none;10;10;10;3;0;83;20;63;3;5;95;0.9302;0.9817;0.9355;0.8571;0.8571;-0.0452;;3.90
2026-02-14T13:44:39.090028;mvtec_AD/bottle;cont_30pct_loo_patch;0.3;loo_patch;10;10;10;3;392;83;20;63;3;5;95;0.9762;0.9931;0.9606;0.8889;0.9048;0.0008;1.0175;4.65
2026-02-14T13:44:42.992008;mvtec_AD/bottle;cont_0pct_none;0.0;none;10;10;10;0;0;83;20;63;3;7;95;0.9762;0.9932;0.9606;0.9048;0.9048;;;3.83
2026-02-14T13:44:47.676639;mvtec_AD/bottle;cont_0pct_loo_patch;0.0;loo_patch;10;10;10;0;392;83;20;63;3;7;95;0.9778;0.9936;0.9606;0.9048;0.9048;0.0016;;4.68
2026-02-14T13:44:51.574627;mvtec_AD/bottle;cont_30pct_none;0.3;none;10;10;10;3;0;83;20;63;3;7;95;0.9476;0.9856;0.9431;0.8571;0.8571;-0.0286;;3.89
2026-02-14T13:44:56.278735;mvtec_AD/bottle;cont_30pct_loo_patch;0.3;loo_patch;10;10;10;3;392;83;20;63;3;7;95;0.9770;0.9934;0.9683;0.8889;0.9048;0.0008;1.0278;4.70
2026-02-14T13:45:00.193683;mvtec_AD/bottle;cont_0pct_none;0.0;none;10;10;10;0;0;83;20;63;3;10;95;0.9770;0.9934;0.9612;0.8889;0.9048;;;3.85
2026-02-14T13:45:04.892134;mvtec_AD/bottle;cont_0pct_loo_patch;0.0;loo_patch;10;10;10;0;392;83;20;63;3;10;95;0.9802;0.9941;0.9683;0.8889;0.9048;0.0032;;4.69
2026-02-14T13:45:08.746566;mvtec_AD/bottle;cont_30pct_none;0.3;none;10;10;10;3;0;83;20;63;3;10;95;0.9675;0.9903;0.9606;0.8413;0.8413;-0.0095;;3.85
2026-02-14T13:45:13.506123;mvtec_AD/bottle;cont_30pct_loo_patch;0.3;loo_patch;10;10;10;3;392;83;20;63;3;10;95;0.9770;0.9933;0.9688;0.8889;0.8889;-0.0000;1.0000;4.76
2026-02-14T13:45:17.401449;mvtec_AD/bottle;cont_0pct_none;0.0;none;10;10;10;0;0;83;20;63;4;1;95;0.9913;0.9974;0.9756;0.9524;0.9524;;;3.82
2026-02-14T13:45:22.027512;mvtec_AD/bottle;cont_0pct_loo_patch;0.0;loo_patch;10;10;10;0;392;83;20;63;4;1;95;0.9849;0.9955;0.9688;0.9048;0.9365;-0.0063;;4.62
2026-02-14T13:45:25.938242;mvtec_AD/bottle;cont_30pct_none;0.3;none;10;10;10;3;0;83;20;63;4;1;95;0.9429;0.9854;0.9516;0.8571;0.8889;-0.0484;;3.90
2026-02-14T13:45:30.583763;mvtec_AD/bottle;cont_30pct_loo_patch;0.3;loo_patch;10;10;10;3;392;83;20;63;4;1;95;0.9897;0.9968;0.9764;0.9048;0.9524;-0.0016;0.9672;4.64
2026-02-14T13:45:34.610259;mvtec_AD/bottle;cont_0pct_none;0.0;none;10;10;10;0;0;83;20;63;4;3;95;0.9905;0.9971;0.9688;0.9365;0.9524;;;3.95
2026-02-14T13:45:39.288053;mvtec_AD/bottle;cont_0pct_loo_patch;0.0;loo_patch;10;10;10;0;392;83;20;63;4;3;95;0.9841;0.9952;0.9677;0.9048;0.9524;-0.0063;;4.67
2026-02-14T13:45:43.174965;mvtec_AD/bottle;cont_30pct_none;0.3;none;10;10;10;3;0;83;20;63;4;3;95;0.9365;0.9833;0.9440;0.8571;0.8730;-0.0540;;3.87
2026-02-14T13:45:47.790167;mvtec_AD/bottle;cont_30pct_loo_patch;0.3;loo_patch;10;10;10;3;392;83;20;63;4;3;95;0.9833;0.9949;0.9612;0.9048;0.9365;-0.0071;0.8676;4.61
2026-02-14T13:45:51.704809;mvtec_AD/bottle;cont_0pct_none;0.0;none;10;10;10;0;0;83;20;63;4;5;95;0.9881;0.9964;0.9677;0.9365;0.9524;;;3.84
2026-02-14T13:45:56.369112;mvtec_AD/bottle;cont_0pct_loo_patch;0.0;loo_patch;10;10;10;0;392;83;20;63;4;5;95;0.9825;0.9948;0.9683;0.8889;0.9206;-0.0056;;4.66
2026-02-14T13:46:00.245314;mvtec_AD/bottle;cont_30pct_none;0.3;none;10;10;10;3;0;83;20;63;4;5;95;0.9413;0.9845;0.9440;0.8571;0.8889;-0.0468;;3.86
2026-02-14T13:46:04.796810;mvtec_AD/bottle;cont_30pct_loo_patch;0.3;loo_patch;10;10;10;3;392;83;20;63;4;5;95;0.9873;0.9961;0.9677;0.9206;0.9524;-0.0008;0.9831;4.55
2026-02-14T13:46:08.646477;mvtec_AD/bottle;cont_0pct_none;0.0;none;10;10;10;0;0;83;20;63;4;7;95;0.9865;0.9960;0.9672;0.9365;0.9365;;;3.78
2026-02-14T13:46:13.319708;mvtec_AD/bottle;cont_0pct_loo_patch;0.0;loo_patch;10;10;10;0;392;83;20;63;4;7;95;0.9841;0.9950;0.9683;0.8730;0.9048;-0.0024;;4.67
2026-02-14T13:46:17.269813;mvtec_AD/bottle;cont_30pct_none;0.3;none;10;10;10;3;0;83;20;63;4;7;95;0.9698;0.9911;0.9531;0.8571;0.9048;-0.0167;;3.94
2026-02-14T13:46:21.893873;mvtec_AD/bottle;cont_30pct_loo_patch;0.3;loo_patch;10;10;10;3;392;83;20;63;4;7;95;0.9873;0.9960;0.9692;0.9048;0.9524;0.0008;1.0476;4.62
2026-02-14T13:46:25.811169;mvtec_AD/bottle;cont_0pct_none;0.0;none;10;10;10;0;0;83;20;63;4;10;95;0.9881;0.9964;0.9672;0.9365;0.9365;;;3.84
2026-02-14T13:46:30.456011;mvtec_AD/bottle;cont_0pct_loo_patch;0.0;loo_patch;10;10;10;0;392;83;20;63;4;10;95;0.9865;0.9957;0.9764;0.8889;0.8889;-0.0016;;4.64
2026-02-14T13:46:34.393877;mvtec_AD/bottle;cont_30pct_none;0.3;none;10;10;10;3;0;83;20;63;4;10;95;0.9865;0.9958;0.9692;0.8889;0.9524;-0.0016;;3.92
2026-02-14T13:46:39.066102;mvtec_AD/bottle;cont_30pct_loo_patch;0.3;loo_patch;10;10;10;3;392;83;20;63;4;10;95;0.9881;0.9963;0.9692;0.8889;0.9365;0.0000;1.0000;4.67
2026-02-14T13:46:46.576273;mvtec_AD/cable;cont_0pct_none;0.0;none;10;10;10;0;0;150;58;92;0;1;95;0.9352;0.9637;0.8804;0.7500;0.7717;;;7.01
2026-02-14T13:46:53.971376;mvtec_AD/cable;cont_0pct_loo_patch;0.0;loo_patch;10;10;10;0;392;150;58;92;0;1;95;0.9232;0.9555;0.8738;0.6630;0.6848;-0.0120;;7.39
2026-02-14T13:47:00.786664;mvtec_AD/cable;cont_30pct_none;0.3;none;10;10;10;3;0;150;58;92;0;1;95;0.8840;0.9381;0.8466;0.5543;0.7500;-0.0512;;6.80
2026-02-14T13:47:08.144881;mvtec_AD/cable;cont_30pct_loo_patch;0.3;loo_patch;10;10;10;3;392;150;58;92;0;1;95;0.9087;0.9499;0.8652;0.6304;0.7065;-0.0264;0.4835;7.35
2026-02-14T13:47:15.178727;mvtec_AD/cable;cont_0pct_none;0.0;none;10;10;10;0;0;150;58;92;0;7;95;0.9320;0.9618;0.8764;0.6522;0.7826;;;6.77
2026-02-14T13:47:22.513054;mvtec_AD/cable;cont_0pct_loo_patch;0.0;loo_patch;10;10;10;0;392;150;58;92;0;7;95;0.9239;0.9575;0.8757;0.6304;0.7717;-0.0081;;7.33
2026-02-14T13:47:29.356566;mvtec_AD/cable;cont_30pct_none;0.3;none;10;10;10;3;0;150;58;92;0;7;95;0.8812;0.9366;0.8556;0.5761;0.6739;-0.0508;;6.83
2026-02-14T13:47:36.725124;mvtec_AD/cable;cont_30pct_loo_patch;0.3;loo_patch;10;10;10;3;392;150;58;92;0;7;95;0.9031;0.9458;0.8701;0.5870;0.6630;-0.0289;0.4317;7.37
2026-02-14T13:47:43.577614;mvtec_AD/cable;cont_0pct_none;0.0;none;10;10;10;0;0;150;58;92;0;10;95;0.9357;0.9637;0.8889;0.6413;0.7826;;;6.76
2026-02-14T13:47:50.894310;mvtec_AD/cable;cont_0pct_loo_patch;0.0;loo_patch;10;10;10;0;392;150;58;92;0;10;95;0.9247;0.9571;0.8710;0.6196;0.7500;-0.0111;;7.31
2026-02-14T13:47:57.611897;mvtec_AD/cable;cont_30pct_none;0.3;none;10;10;10;3;0;150;58;92;0;10;95;0.8874;0.9388;0.8634;0.5652;0.6739;-0.0484;;6.71
2026-02-14T13:48:05.007988;mvtec_AD/cable;cont_30pct_loo_patch;0.3;loo_patch;10;10;10;3;392;150;58;92;0;10;95;0.8997;0.9434;0.8634;0.5870;0.6522;-0.0360;0.2558;7.39
2026-02-14T13:48:11.864970;mvtec_AD/cable;cont_0pct_none;0.0;none;10;10;10;0;0;150;58;92;1;1;95;0.9545;0.9721;0.9189;0.5761;0.8152;;;6.76
2026-02-14T13:48:19.239670;mvtec_AD/cable;cont_0pct_loo_patch;0.0;loo_patch;10;10;10;0;392;150;58;92;1;1;95;0.9451;0.9679;0.9119;0.5978;0.8261;-0.0094;;7.37
2026-02-14T13:48:26.024526;mvtec_AD/cable;cont_30pct_none;0.3;none;10;10;10;3;0;150;58;92;1;1;95;0.8982;0.9447;0.8901;0.4783;0.7065;-0.0562;;6.77
2026-02-14T13:48:33.432650;mvtec_AD/cable;cont_30pct_loo_patch;0.3;loo_patch;10;10;10;3;392;150;58;92;1;1;95;0.9307;0.9605;0.9072;0.5652;0.7717;-0.0238;0.5767;7.41
2026-02-14T13:48:40.256425;mvtec_AD/cable;cont_0pct_none;0.0;none;10;10;10;0;0;150;58;92;1;3;95;0.9453;0.9682;0.9198;0.5761;0.8370;;;6.73
2026-02-14T13:48:47.635541;mvtec_AD/cable;cont_0pct_loo_patch;0.0;loo_patch;10;10;10;0;392;150;58;92;1;3;95;0.9376;0.9643;0.9000;0.5761;0.8152;-0.0077;;7.38
2026-02-14T13:48:54.418103;mvtec_AD/cable;cont_30pct_none;0.3;none;10;10;10;3;0;150;58;92;1;3;95;0.8939;0.9420;0.8783;0.5109;0.6304;-0.0513;;6.77
2026-02-14T13:49:01.705220;mvtec_AD/cable;cont_30pct_loo_patch;0.3;loo_patch;10;10;10;3;392;150;58;92;1;3;95;0.9295;0.9607;0.8984;0.5978;0.7174;-0.0157;0.6934;7.28
2026-02-14T13:49:08.508897;mvtec_AD/cable;cont_0pct_none;0.0;none;10;10;10;0;0;150;58;92;1;5;95;0.9462;0.9684;0.9198;0.5761;0.7826;;;6.71
2026-02-14T13:49:15.852105;mvtec_AD/cable;cont_0pct_loo_patch;0.0;loo_patch;10;10;10;0;392;150;58;92;1;5;95;0.9359;0.9636;0.8912;0.5870;0.8043;-0.0103;;7.34
2026-02-14T13:49:22.635727;mvtec_AD/cable;cont_30pct_none;0.3;none;10;10;10;3;0;150;58;92;1;5;95;0.8924;0.9419;0.8737;0.5435;0.6413;-0.0538;;6.77
2026-02-14T13:49:30.097812;mvtec_AD/cable;cont_30pct_loo_patch;0.3;loo_patch;10;10;10;3;392;150;58;92;1;5;95;0.9293;0.9609;0.8947;0.5978;0.7717;-0.0169;0.6864;7.46
2026-02-14T13:49:37.008957;mvtec_AD/cable;cont_0pct_none;0.0;none;10;10;10;0;0;150;58;92;1;7;95;0.9468;0.9689;0.9111;0.5870;0.7935;;;6.82
2026-02-14T13:49:44.401692;mvtec_AD/cable;cont_0pct_loo_patch;0.0;loo_patch;10;10;10;0;392;150;58;92;1;7;95;0.9365;0.9633;0.8984;0.5761;0.8152;-0.0103;;7.39
2026-02-14T13:49:51.262274;mvtec_AD/cable;cont_30pct_none;0.3;none;10;10;10;3;0;150;58;92;1;7;95;0.8958;0.9438;0.8817;0.5543;0.6522;-0.0510;;6.85
2026-02-14T13:49:58.809601;mvtec_AD/cable;cont_30pct_loo_patch;0.3;loo_patch;10;10;10;3;392;150;58;92;1;7;95;0.9284;0.9604;0.9053;0.5870;0.7391;-0.0184;0.6397;7.54
2026-02-14T13:50:05.723590;mvtec_AD/cable;cont_0pct_none;0.0;none;10;10;10;0;0;150;58;92;1;10;95;0.9466;0.9686;0.9128;0.5870;0.8261;;;6.82
2026-02-14T13:50:13.188398;mvtec_AD/cable;cont_0pct_loo_patch;0.0;loo_patch;10;10;10;0;392;150;58;92;1;10;95;0.9352;0.9630;0.8995;0.5870;0.7935;-0.0114;;7.46
2026-02-14T13:50:19.990468;mvtec_AD/cable;cont_30pct_none;0.3;none;10;10;10;3;0;150;58;92;1;10;95;0.8962;0.9433;0.8865;0.5435;0.6630;-0.0504;;6.79
2026-02-14T13:50:27.410443;mvtec_AD/cable;cont_30pct_loo_patch;0.3;loo_patch;10;10;10;3;392;150;58;92;1;10;95;0.9249;0.9577;0.9005;0.5870;0.7065;-0.0217;0.5688;7.42
2026-02-14T13:50:34.334955;mvtec_AD/cable;cont_0pct_none;0.0;none;10;10;10;0;0;150;58;92;2;1;95;0.8782;0.9298;0.8370;0.5435;0.6304;;;6.83
2026-02-14T13:50:41.701871;mvtec_AD/cable;cont_0pct_loo_patch;0.0;loo_patch;10;10;10;0;392;150;58;92;2;1;95;0.8739;0.9270;0.8396;0.5326;0.5761;-0.0043;;7.36
2026-02-14T13:50:48.459469;mvtec_AD/cable;cont_30pct_none;0.3;none;10;10;10;3;0;150;58;92;2;1;95;0.8941;0.9431;0.8617;0.6087;0.6848;0.0159;;6.75
2026-02-14T13:50:55.947927;mvtec_AD/cable;cont_30pct_loo_patch;0.3;loo_patch;10;10;10;3;392;150;58;92;2;1;95;0.9224;0.9582;0.8731;0.6957;0.7609;0.0442;-1.7765;7.49
2026-02-14T13:51:02.776904;mvtec_AD/cable;cont_0pct_none;0.0;none;10;10;10;0;0;150;58;92;2;3;95;0.8780;0.9298;0.8409;0.5543;0.5978;;;6.73
2026-02-14T13:51:10.136811;mvtec_AD/cable;cont_0pct_loo_patch;0.0;loo_patch;10;10;10;0;392;150;58;92;2;3;95;0.8673;0.9240;0.8341;0.5435;0.5870;-0.0107;;7.36
2026-02-14T13:51:16.870853;mvtec_AD/cable;cont_30pct_none;0.3;none;10;10;10;3;0;150;58;92;2;3;95;0.8975;0.9449;0.8776;0.5978;0.7065;0.0195;;6.72
2026-02-14T13:51:24.322896;mvtec_AD/cable;cont_30pct_loo_patch;0.3;loo_patch;10;10;10;3;392;150;58;92;2;3;95;0.9241;0.9579;0.8901;0.6413;0.7283;0.0461;-1.3654;7.45
2026-02-14T13:51:31.199717;mvtec_AD/cable;cont_0pct_none;0.0;none;10;10;10;0;0;150;58;92;2;5;95;0.8713;0.9252;0.8325;0.5543;0.5543;;;6.78
2026-02-14T13:51:38.712261;mvtec_AD/cable;cont_0pct_loo_patch;0.0;loo_patch;10;10;10;0;392;150;58;92;2;5;95;0.8638;0.9211;0.8325;0.5217;0.5652;-0.0075;;7.51
2026-02-14T13:51:45.553146;mvtec_AD/cable;cont_30pct_none;0.3;none;10;10;10;3;0;150;58;92;2;5;95;0.8996;0.9465;0.8763;0.5652;0.7391;0.0283;;6.83
2026-02-14T13:51:52.880637;mvtec_AD/cable;cont_30pct_loo_patch;0.3;loo_patch;10;10;10;3;392;150;58;92;2;5;95;0.9209;0.9570;0.8844;0.6522;0.7717;0.0497;-0.7550;7.32
2026-02-14T13:51:59.738972;mvtec_AD/cable;cont_0pct_none;0.0;none;10;10;10;0;0;150;58;92;2;7;95;0.8713;0.9260;0.8325;0.5435;0.5652;;;6.76
2026-02-14T13:52:07.089524;mvtec_AD/cable;cont_0pct_loo_patch;0.0;loo_patch;10;10;10;0;392;150;58;92;2;7;95;0.8568;0.9168;0.8318;0.5109;0.5652;-0.0144;;7.35
2026-02-14T13:52:13.857816;mvtec_AD/cable;cont_30pct_none;0.3;none;10;10;10;3;0;150;58;92;2;7;95;0.9001;0.9474;0.8691;0.5652;0.7283;0.0289;;6.76
2026-02-14T13:52:21.270433;mvtec_AD/cable;cont_30pct_loo_patch;0.3;loo_patch;10;10;10;3;392;150;58;92;2;7;95;0.9174;0.9540;0.8731;0.6522;0.7500;0.0461;-0.5974;7.41
2026-02-14T13:52:28.194113;mvtec_AD/cable;cont_0pct_none;0.0;none;10;10;10;0;0;150;58;92;2;10;95;0.8696;0.9245;0.8357;0.5435;0.5870;;;6.83
2026-02-14T13:52:35.641440;mvtec_AD/cable;cont_0pct_loo_patch;0.0;loo_patch;10;10;10;0;392;150;58;92;2;10;95;0.8546;0.9156;0.8357;0.5109;0.5543;-0.0150;;7.44
2026-02-14T13:52:42.415974;mvtec_AD/cable;cont_30pct_none;0.3;none;10;10;10;3;0;150;58;92;2;10;95;0.8941;0.9436;0.8691;0.5761;0.7283;0.0246;;6.76
2026-02-14T13:52:49.919600;mvtec_AD/cable;cont_30pct_loo_patch;0.3;loo_patch;10;10;10;3;392;150;58;92;2;10;95;0.9140;0.9515;0.8663;0.6413;0.7391;0.0444;-0.8092;7.50
2026-02-14T13:52:56.796381;mvtec_AD/cable;cont_0pct_none;0.0;none;10;10;10;0;0;150;58;92;3;1;95;0.9316;0.9644;0.9110;0.6739;0.7609;;;6.78
2026-02-14T13:53:04.235327;mvtec_AD/cable;cont_0pct_loo_patch;0.0;loo_patch;10;10;10;0;392;150;58;92;3;1;95;0.9293;0.9637;0.9050;0.6739;0.7609;-0.0022;;7.44
2026-02-14T13:53:11.080397;mvtec_AD/cable;cont_30pct_none;0.3;none;10;10;10;3;0;150;58;92;3;1;95;0.9031;0.9503;0.8936;0.5978;0.6739;-0.0285;;6.83
2026-02-14T13:53:18.481245;mvtec_AD/cable;cont_30pct_loo_patch;0.3;loo_patch;10;10;10;3;392;150;58;92;3;1;95;0.9142;0.9557;0.8984;0.6413;0.7174;-0.0174;0.3882;7.40
2026-02-14T13:53:25.363245;mvtec_AD/cable;cont_0pct_none;0.0;none;10;10;10;0;0;150;58;92;3;3;95;0.9348;0.9669;0.9158;0.6630;0.8043;;;6.79
2026-02-14T13:53:32.778940;mvtec_AD/cable;cont_0pct_loo_patch;0.0;loo_patch;10;10;10;0;392;150;58;92;3;3;95;0.9217;0.9592;0.8995;0.6522;0.7609;-0.0131;;7.41
2026-02-14T13:53:39.562726;mvtec_AD/cable;cont_30pct_none;0.3;none;10;10;10;3;0;150;58;92;3;3;95;0.9005;0.9490;0.8989;0.6196;0.6630;-0.0343;;6.77
2026-02-14T13:53:46.912996;mvtec_AD/cable;cont_30pct_loo_patch;0.3;loo_patch;10;10;10;3;392;150;58;92;3;3;95;0.9108;0.9539;0.9000;0.6413;0.7065;-0.0240;0.3005;7.35
2026-02-14T13:53:53.790306;mvtec_AD/cable;cont_0pct_none;0.0;none;10;10;10;0;0;150;58;92;3;5;95;0.9307;0.9647;0.9158;0.6848;0.7717;;;6.78
2026-02-14T13:54:01.239500;mvtec_AD/cable;cont_0pct_loo_patch;0.0;loo_patch;10;10;10;0;392;150;58;92;3;5;95;0.9239;0.9603;0.9053;0.6522;0.7717;-0.0067;;7.44
2026-02-14T13:54:08.032939;mvtec_AD/cable;cont_30pct_none;0.3;none;10;10;10;3;0;150;58;92;3;5;95;0.9039;0.9509;0.8973;0.6087;0.7065;-0.0268;;6.78
2026-02-14T13:54:15.485279;mvtec_AD/cable;cont_30pct_loo_patch;0.3;loo_patch;10;10;10;3;392;150;58;92;3;5;95;0.9117;0.9542;0.8936;0.6304;0.7065;-0.0189;0.2937;7.45
2026-02-14T13:54:22.327589;mvtec_AD/cable;cont_0pct_none;0.0;none;10;10;10;0;0;150;58;92;3;7;95;0.9269;0.9618;0.9110;0.6413;0.7826;;;6.75
2026-02-14T13:54:29.668840;mvtec_AD/cable;cont_0pct_loo_patch;0.0;loo_patch;10;10;10;0;392;150;58;92;3;7;95;0.9235;0.9601;0.9016;0.6413;0.7826;-0.0034;;7.34
2026-02-14T13:54:36.503714;mvtec_AD/cable;cont_30pct_none;0.3;none;10;10;10;3;0;150;58;92;3;7;95;0.8973;0.9472;0.8764;0.5978;0.6957;-0.0296;;6.82
2026-02-14T13:54:43.865703;mvtec_AD/cable;cont_30pct_loo_patch;0.3;loo_patch;10;10;10;3;392;150;58;92;3;7;95;0.9082;0.9516;0.8827;0.6196;0.6957;-0.0187;0.3671;7.36
2026-02-14T13:54:50.720830;mvtec_AD/cable;cont_0pct_none;0.0;none;10;10;10;0;0;150;58;92;3;10;95;0.9209;0.9587;0.9043;0.6304;0.7717;;;6.76
2026-02-14T13:54:58.180215;mvtec_AD/cable;cont_0pct_loo_patch;0.0;loo_patch;10;10;10;0;392;150;58;92;3;10;95;0.9204;0.9589;0.9016;0.6848;0.7826;-0.0006;;7.46
2026-02-14T13:55:05.090934;mvtec_AD/cable;cont_30pct_none;0.3;none;10;10;10;3;0;150;58;92;3;10;95;0.8941;0.9442;0.8783;0.5435;0.6739;-0.0268;;6.90
2026-02-14T13:55:12.561324;mvtec_AD/cable;cont_30pct_loo_patch;0.3;loo_patch;10;10;10;3;392;150;58;92;3;10;95;0.9059;0.9505;0.8750;0.6087;0.6957;-0.0150;0.4406;7.47
2026-02-14T13:55:19.362655;mvtec_AD/cable;cont_0pct_none;0.0;none;10;10;10;0;0;150;58;92;4;1;95;0.9352;0.9628;0.8864;0.6848;0.7391;;;6.71
2026-02-14T13:55:26.744577;mvtec_AD/cable;cont_0pct_loo_patch;0.0;loo_patch;10;10;10;0;392;150;58;92;4;1;95;0.9245;0.9564;0.8814;0.5761;0.7609;-0.0107;;7.38
2026-02-14T13:55:33.601517;mvtec_AD/cable;cont_30pct_none;0.3;none;10;10;10;3;0;150;58;92;4;1;95;0.9303;0.9652;0.9011;0.7174;0.7935;-0.0049;;6.84
2026-02-14T13:55:40.905215;mvtec_AD/cable;cont_30pct_loo_patch;0.3;loo_patch;10;10;10;3;392;150;58;92;4;1;95;0.9485;0.9722;0.9101;0.7500;0.7717;0.0133;3.7308;7.30
2026-02-14T13:55:47.704244;mvtec_AD/cable;cont_0pct_none;0.0;none;10;10;10;0;0;150;58;92;4;3;95;0.9325;0.9619;0.8876;0.6739;0.7609;;;6.70
2026-02-14T13:55:55.092424;mvtec_AD/cable;cont_0pct_loo_patch;0.0;loo_patch;10;10;10;0;392;150;58;92;4;3;95;0.9205;0.9551;0.8701;0.5870;0.7609;-0.0120;;7.38
2026-02-14T13:56:01.869051;mvtec_AD/cable;cont_30pct_none;0.3;none;10;10;10;3;0;150;58;92;4;3;95;0.9254;0.9623;0.9022;0.6957;0.8043;-0.0071;;6.76
2026-02-14T13:56:09.361233;mvtec_AD/cable;cont_30pct_loo_patch;0.3;loo_patch;10;10;10;3;392;150;58;92;4;3;95;0.9412;0.9683;0.8995;0.7391;0.8370;0.0086;2.2105;7.49
2026-02-14T13:56:16.168590;mvtec_AD/cable;cont_0pct_none;0.0;none;10;10;10;0;0;150;58;92;4;5;95;0.9305;0.9611;0.8914;0.6196;0.7826;;;6.72
2026-02-14T13:56:23.542878;mvtec_AD/cable;cont_0pct_loo_patch;0.0;loo_patch;10;10;10;0;392;150;58;92;4;5;95;0.9211;0.9556;0.8743;0.5978;0.7391;-0.0094;;7.37
2026-02-14T13:56:30.261038;mvtec_AD/cable;cont_30pct_none;0.3;none;10;10;10;3;0;150;58;92;4;5;95;0.9215;0.9597;0.8925;0.7174;0.8043;-0.0090;;6.70
2026-02-14T13:56:37.576545;mvtec_AD/cable;cont_30pct_loo_patch;0.3;loo_patch;10;10;10;3;392;150;58;92;4;5;95;0.9408;0.9681;0.8939;0.7500;0.8152;0.0103;2.1458;7.31
2026-02-14T13:56:44.423122;mvtec_AD/cable;cont_0pct_none;0.0;none;10;10;10;0;0;150;58;92;4;7;95;0.9277;0.9595;0.8939;0.6413;0.7283;;;6.75
2026-02-14T13:56:51.825341;mvtec_AD/cable;cont_0pct_loo_patch;0.0;loo_patch;10;10;10;0;392;150;58;92;4;7;95;0.9174;0.9540;0.8696;0.6413;0.7391;-0.0103;;7.40
2026-02-14T13:56:58.654732;mvtec_AD/cable;cont_30pct_none;0.3;none;10;10;10;3;0;150;58;92;4;7;95;0.9217;0.9598;0.8936;0.7283;0.7717;-0.0060;;6.82
2026-02-14T13:57:06.044238;mvtec_AD/cable;cont_30pct_loo_patch;0.3;loo_patch;10;10;10;3;392;150;58;92;4;7;95;0.9417;0.9683;0.9016;0.7174;0.8043;0.0141;3.3438;7.39
2026-02-14T13:57:12.885219;mvtec_AD/cable;cont_0pct_none;0.0;none;10;10;10;0;0;150;58;92;4;10;95;0.9273;0.9599;0.8989;0.6522;0.7283;;;6.75
2026-02-14T13:57:20.359001;mvtec_AD/cable;cont_0pct_loo_patch;0.0;loo_patch;10;10;10;0;392;150;58;92;4;10;95;0.9175;0.9542;0.8791;0.6522;0.7500;-0.0097;;7.47
2026-02-14T13:57:27.191204;mvtec_AD/cable;cont_30pct_none;0.3;none;10;10;10;3;0;150;58;92;4;10;95;0.9159;0.9564;0.8804;0.6848;0.7717;-0.0114;;6.82
2026-02-14T13:57:34.715408;mvtec_AD/cable;cont_30pct_loo_patch;0.3;loo_patch;10;10;10;3;392;150;58;92;4;10;95;0.9340;0.9641;0.8876;0.7065;0.8043;0.0067;1.5902;7.52
2026-02-14T13:57:42.669756;mvtec_AD/screw;cont_0pct_none;0.0;none;10;10;10;0;0;160;41;119;0;1;95;0.5190;0.7389;0.8582;0.0168;0.0168;;;7.33
2026-02-14T13:57:50.745661;mvtec_AD/screw;cont_0pct_loo_patch;0.0;loo_patch;10;10;10;0;392;160;41;119;0;1;95;0.5374;0.7519;0.8582;0.0168;0.0168;0.0184;;8.07
2026-02-14T13:57:58.355202;mvtec_AD/screw;cont_30pct_none;0.3;none;10;10;10;3;0;160;41;119;0;1;95;0.5257;0.7394;0.8530;0.0168;0.0168;0.0068;;7.59
2026-02-14T13:58:06.160730;mvtec_AD/screw;cont_30pct_loo_patch;0.3;loo_patch;10;10;10;3;392;160;41;119;0;1;95;0.5188;0.7476;0.8530;0.0168;0.0252;-0.0002;1.0303;7.80
2026-02-14T13:58:13.796795;mvtec_AD/screw;cont_0pct_none;0.0;none;10;10;10;0;0;160;41;119;0;3;95;0.5257;0.7402;0.8623;0.0168;0.0168;;;7.52
2026-02-14T13:58:21.805753;mvtec_AD/screw;cont_0pct_loo_patch;0.0;loo_patch;10;10;10;0;392;160;41;119;0;3;95;0.5382;0.7516;0.8592;0.0168;0.0168;0.0125;;8.01
2026-02-14T13:58:29.360057;mvtec_AD/screw;cont_30pct_none;0.3;none;10;10;10;3;0;160;41;119;0;3;95;0.5270;0.7371;0.8530;0.0084;0.0168;0.0012;;7.54
2026-02-14T13:58:37.364684;mvtec_AD/screw;cont_30pct_loo_patch;0.3;loo_patch;10;10;10;3;392;160;41;119;0;3;95;0.5149;0.7342;0.8530;0.0000;0.0252;-0.0109;9.8333;8.00
2026-02-14T13:58:44.969092;mvtec_AD/screw;cont_0pct_none;0.0;none;10;10;10;0;0;160;41;119;0;5;95;0.5261;0.7403;0.8592;0.0168;0.0168;;;7.48
2026-02-14T13:58:52.959314;mvtec_AD/screw;cont_0pct_loo_patch;0.0;loo_patch;10;10;10;0;392;160;41;119;0;5;95;0.5384;0.7515;0.8592;0.0168;0.0168;0.0123;;7.99
2026-02-14T13:59:00.452215;mvtec_AD/screw;cont_30pct_none;0.3;none;10;10;10;3;0;160;41;119;0;5;95;0.5300;0.7398;0.8530;0.0084;0.0168;0.0039;;7.48
2026-02-14T13:59:08.326624;mvtec_AD/screw;cont_30pct_loo_patch;0.3;loo_patch;10;10;10;3;392;160;41;119;0;5;95;0.5142;0.7329;0.8530;0.0000;0.0336;-0.0119;4.0526;7.87
2026-02-14T13:59:16.005355;mvtec_AD/screw;cont_0pct_none;0.0;none;10;10;10;0;0;160;41;119;0;7;95;0.5226;0.7319;0.8592;0.0084;0.0168;;;7.57
2026-02-14T13:59:23.950552;mvtec_AD/screw;cont_0pct_loo_patch;0.0;loo_patch;10;10;10;0;392;160;41;119;0;7;95;0.5286;0.7489;0.8592;0.0168;0.0336;0.0059;;7.94
2026-02-14T13:59:31.461626;mvtec_AD/screw;cont_30pct_none;0.3;none;10;10;10;3;0;160;41;119;0;7;95;0.5319;0.7377;0.8530;0.0000;0.0168;0.0092;;7.50
2026-02-14T13:59:39.442177;mvtec_AD/screw;cont_30pct_loo_patch;0.3;loo_patch;10;10;10;3;392;160;41;119;0;7;95;0.5167;0.7387;0.8530;0.0000;0.0336;-0.0059;1.6444;7.98
2026-02-14T13:59:47.173984;mvtec_AD/screw;cont_0pct_none;0.0;none;10;10;10;0;0;160;41;119;0;10;95;0.5270;0.7351;0.8592;0.0000;0.0252;;;7.62
2026-02-14T13:59:55.097110;mvtec_AD/screw;cont_0pct_loo_patch;0.0;loo_patch;10;10;10;0;392;160;41;119;0;10;95;0.5276;0.7449;0.8592;0.0168;0.0420;0.0006;;7.92
2026-02-14T14:00:02.539872;mvtec_AD/screw;cont_30pct_none;0.3;none;10;10;10;3;0;160;41;119;0;10;95;0.5366;0.7412;0.8530;0.0000;0.0168;0.0096;;7.43
2026-02-14T14:00:10.410203;mvtec_AD/screw;cont_30pct_loo_patch;0.3;loo_patch;10;10;10;3;392;160;41;119;0;10;95;0.5222;0.7523;0.8571;0.0252;0.0672;-0.0047;1.4894;7.87
2026-02-14T14:00:17.885222;mvtec_AD/screw;cont_0pct_none;0.0;none;10;10;10;0;0;160;41;119;1;1;95;0.7354;0.8825;0.8716;0.1261;0.1849;;;7.36
2026-02-14T14:00:25.833875;mvtec_AD/screw;cont_0pct_loo_patch;0.0;loo_patch;10;10;10;0;391;160;41;119;1;1;95;0.7003;0.8788;0.8655;0.1765;0.2521;-0.0350;;7.94
2026-02-14T14:00:33.268332;mvtec_AD/screw;cont_30pct_none;0.3;none;10;10;10;3;0;160;41;119;1;1;95;0.6214;0.8276;0.8530;0.0504;0.1849;-0.1140;;7.42
2026-02-14T14:00:41.194715;mvtec_AD/screw;cont_30pct_loo_patch;0.3;loo_patch;10;10;10;3;392;160;41;119;1;1;95;0.5727;0.7653;0.8530;0.0084;0.0336;-0.1627;-0.4281;7.92
2026-02-14T14:00:48.826164;mvtec_AD/screw;cont_0pct_none;0.0;none;10;10;10;0;0;160;41;119;1;3;95;0.7495;0.8946;0.8686;0.1429;0.3025;;;7.52
2026-02-14T14:00:56.963685;mvtec_AD/screw;cont_0pct_loo_patch;0.0;loo_patch;10;10;10;0;392;160;41;119;1;3;95;0.6895;0.8691;0.8635;0.1429;0.2689;-0.0601;;8.13
2026-02-14T14:01:04.482945;mvtec_AD/screw;cont_30pct_none;0.3;none;10;10;10;3;0;160;41;119;1;3;95;0.6161;0.8164;0.8530;0.0504;0.1597;-0.1334;;7.51
2026-02-14T14:01:12.327022;mvtec_AD/screw;cont_30pct_loo_patch;0.3;loo_patch;10;10;10;3;392;160;41;119;1;3;95;0.5641;0.7645;0.8530;0.0168;0.0420;-0.1855;-0.3902;7.84
2026-02-14T14:01:19.951146;mvtec_AD/screw;cont_0pct_none;0.0;none;10;10;10;0;0;160;41;119;1;5;95;0.7596;0.9008;0.8679;0.1513;0.3782;;;7.51
2026-02-14T14:01:27.794690;mvtec_AD/screw;cont_0pct_loo_patch;0.0;loo_patch;10;10;10;0;392;160;41;119;1;5;95;0.6965;0.8740;0.8645;0.1597;0.3025;-0.0631;;7.84
2026-02-14T14:01:35.286330;mvtec_AD/screw;cont_30pct_none;0.3;none;10;10;10;3;0;160;41;119;1;5;95;0.6048;0.8045;0.8530;0.0168;0.1597;-0.1547;;7.48
2026-02-14T14:01:43.084975;mvtec_AD/screw;cont_30pct_loo_patch;0.3;loo_patch;10;10;10;3;392;160;41;119;1;5;95;0.5622;0.7620;0.8551;0.0252;0.0420;-0.1974;-0.2755;7.80
2026-02-14T14:01:50.587821;mvtec_AD/screw;cont_0pct_none;0.0;none;10;10;10;0;0;160;41;119;1;7;95;0.7629;0.9042;0.8657;0.1513;0.4454;;;7.39
2026-02-14T14:01:58.754731;mvtec_AD/screw;cont_0pct_loo_patch;0.0;loo_patch;10;10;10;0;392;160;41;119;1;7;95;0.7077;0.8740;0.8614;0.1176;0.2773;-0.0551;;8.16
2026-02-14T14:02:06.257737;mvtec_AD/screw;cont_30pct_none;0.3;none;10;10;10;3;0;160;41;119;1;7;95;0.5958;0.7982;0.8530;0.0252;0.1261;-0.1670;;7.49
2026-02-14T14:02:14.182041;mvtec_AD/screw;cont_30pct_loo_patch;0.3;loo_patch;10;10;10;3;392;160;41;119;1;7;95;0.5645;0.7661;0.8551;0.0084;0.0420;-0.1984;-0.1877;7.92
2026-02-14T14:02:21.775224;mvtec_AD/screw;cont_0pct_none;0.0;none;10;10;10;0;0;160;41;119;1;10;95;0.7754;0.9144;0.8615;0.1681;0.5630;;;7.48
2026-02-14T14:02:29.591004;mvtec_AD/screw;cont_0pct_loo_patch;0.0;loo_patch;10;10;10;0;392;160;41;119;1;10;95;0.7225;0.8854;0.8592;0.1429;0.3361;-0.0529;;7.81
2026-02-14T14:02:37.039086;mvtec_AD/screw;cont_30pct_none;0.3;none;10;10;10;3;0;160;41;119;1;10;95;0.5899;0.7901;0.8530;0.0252;0.0756;-0.1855;;7.43
2026-02-14T14:02:44.953434;mvtec_AD/screw;cont_30pct_loo_patch;0.3;loo_patch;10;10;10;3;392;160;41;119;1;10;95;0.5684;0.7749;0.8530;0.0084;0.0924;-0.2070;-0.1160;7.91
2026-02-14T14:02:52.532937;mvtec_AD/screw;cont_0pct_none;0.0;none;10;10;10;0;0;160;41;119;2;1;95;0.6200;0.8305;0.8699;0.0588;0.2269;;;7.47
2026-02-14T14:03:00.476117;mvtec_AD/screw;cont_0pct_loo_patch;0.0;loo_patch;10;10;10;0;392;160;41;119;2;1;95;0.5612;0.7898;0.8623;0.0336;0.1513;-0.0588;;7.94
2026-02-14T14:03:08.028220;mvtec_AD/screw;cont_30pct_none;0.3;none;10;10;10;3;0;160;41;119;2;1;95;0.5737;0.7881;0.8530;0.0084;0.1429;-0.0463;;7.54
2026-02-14T14:03:15.916964;mvtec_AD/screw;cont_30pct_loo_patch;0.3;loo_patch;10;10;10;3;392;160;41;119;2;1;95;0.5778;0.8038;0.8530;0.0672;0.1513;-0.0422;0.0885;7.89
2026-02-14T14:03:23.541319;mvtec_AD/screw;cont_0pct_none;0.0;none;10;10;10;0;0;160;41;119;2;3;95;0.5804;0.8216;0.8613;0.1008;0.1849;;;7.51
2026-02-14T14:03:31.385047;mvtec_AD/screw;cont_0pct_loo_patch;0.0;loo_patch;10;10;10;0;392;160;41;119;2;3;95;0.5581;0.7881;0.8625;0.0336;0.1597;-0.0223;;7.84
2026-02-14T14:03:38.890930;mvtec_AD/screw;cont_30pct_none;0.3;none;10;10;10;3;0;160;41;119;2;3;95;0.5600;0.7746;0.8530;0.0000;0.1429;-0.0205;;7.49
2026-02-14T14:03:46.778319;mvtec_AD/screw;cont_30pct_loo_patch;0.3;loo_patch;10;10;10;3;392;160;41;119;2;3;95;0.5802;0.7891;0.8530;0.0168;0.1345;-0.0002;0.9900;7.88
2026-02-14T14:03:54.340578;mvtec_AD/screw;cont_0pct_none;0.0;none;10;10;10;0;0;160;41;119;2;5;95;0.5850;0.8302;0.8657;0.1513;0.2437;;;7.45
2026-02-14T14:04:02.289900;mvtec_AD/screw;cont_0pct_loo_patch;0.0;loo_patch;10;10;10;0;392;160;41;119;2;5;95;0.5643;0.8015;0.8676;0.0672;0.1849;-0.0207;;7.95
2026-02-14T14:04:09.864906;mvtec_AD/screw;cont_30pct_none;0.3;none;10;10;10;3;0;160;41;119;2;5;95;0.5708;0.7759;0.8530;0.0000;0.1345;-0.0141;;7.56
2026-02-14T14:04:17.820119;mvtec_AD/screw;cont_30pct_loo_patch;0.3;loo_patch;10;10;10;3;392;160;41;119;2;5;95;0.5993;0.8035;0.8530;0.0168;0.2269;0.0143;2.0145;7.95
2026-02-14T14:04:25.481852;mvtec_AD/screw;cont_0pct_none;0.0;none;10;10;10;0;0;160;41;119;2;7;95;0.5807;0.8282;0.8625;0.1765;0.2353;;;7.55
2026-02-14T14:04:33.409897;mvtec_AD/screw;cont_0pct_loo_patch;0.0;loo_patch;10;10;10;0;392;160;41;119;2;7;95;0.5667;0.8001;0.8699;0.0252;0.1513;-0.0139;;7.93
2026-02-14T14:04:40.937802;mvtec_AD/screw;cont_30pct_none;0.3;none;10;10;10;3;0;160;41;119;2;7;95;0.5731;0.7778;0.8530;0.0000;0.1345;-0.0076;;7.51
2026-02-14T14:04:48.863192;mvtec_AD/screw;cont_30pct_loo_patch;0.3;loo_patch;10;10;10;3;392;160;41;119;2;7;95;0.6048;0.8111;0.8530;0.0336;0.1933;0.0242;4.1892;7.92
2026-02-14T14:04:56.564657;mvtec_AD/screw;cont_0pct_none;0.0;none;10;10;10;0;0;160;41;119;2;10;95;0.5743;0.8248;0.8676;0.1933;0.2521;;;7.58
2026-02-14T14:05:04.678829;mvtec_AD/screw;cont_0pct_loo_patch;0.0;loo_patch;10;10;10;0;392;160;41;119;2;10;95;0.5704;0.8058;0.8708;0.0840;0.1429;-0.0039;;8.11
2026-02-14T14:05:12.346002;mvtec_AD/screw;cont_30pct_none;0.3;none;10;10;10;3;0;160;41;119;2;10;95;0.5825;0.7850;0.8530;0.0084;0.1345;0.0082;;7.66
2026-02-14T14:05:20.319419;mvtec_AD/screw;cont_30pct_loo_patch;0.3;loo_patch;10;10;10;3;392;160;41;119;2;10;95;0.6073;0.8134;0.8530;0.0336;0.2185;0.0330;-3.0250;7.97
2026-02-14T14:05:28.149706;mvtec_AD/screw;cont_0pct_none;0.0;none;10;10;10;0;0;160;41;119;3;1;95;0.6610;0.8434;0.8530;0.1261;0.1513;;;7.72
2026-02-14T14:05:36.335766;mvtec_AD/screw;cont_0pct_loo_patch;0.0;loo_patch;10;10;10;0;392;160;41;119;3;1;95;0.5981;0.7871;0.8530;0.0420;0.0588;-0.0629;;8.18
2026-02-14T14:05:43.908540;mvtec_AD/screw;cont_30pct_none;0.3;none;10;10;10;3;0;160;41;119;3;1;95;0.5829;0.8072;0.8530;0.0840;0.1261;-0.0781;;7.56
2026-02-14T14:05:51.943603;mvtec_AD/screw;cont_30pct_loo_patch;0.3;loo_patch;10;10;10;3;392;160;41;119;3;1;95;0.5352;0.7768;0.8530;0.0504;0.0840;-0.1258;-0.6115;8.03
2026-02-14T14:05:59.684762;mvtec_AD/screw;cont_0pct_none;0.0;none;10;10;10;0;0;160;41;119;3;3;95;0.6772;0.8473;0.8530;0.1008;0.1513;;;7.63
2026-02-14T14:06:07.927765;mvtec_AD/screw;cont_0pct_loo_patch;0.0;loo_patch;10;10;10;0;392;160;41;119;3;3;95;0.5905;0.7762;0.8530;0.0252;0.0252;-0.0867;;8.24
2026-02-14T14:06:15.433060;mvtec_AD/screw;cont_30pct_none;0.3;none;10;10;10;3;0;160;41;119;3;3;95;0.5905;0.8114;0.8530;0.1008;0.1176;-0.0867;;7.49
2026-02-14T14:06:23.534323;mvtec_AD/screw;cont_30pct_loo_patch;0.3;loo_patch;10;10;10;3;392;160;41;119;3;3;95;0.5347;0.7648;0.8530;0.0168;0.0504;-0.1424;-0.6430;8.10
2026-02-14T14:06:31.261358;mvtec_AD/screw;cont_0pct_none;0.0;none;10;10;10;0;0;160;41;119;3;5;95;0.6811;0.8490;0.8550;0.0924;0.1597;;;7.62
2026-02-14T14:06:39.309179;mvtec_AD/screw;cont_0pct_loo_patch;0.0;loo_patch;10;10;10;0;392;160;41;119;3;5;95;0.5829;0.7800;0.8530;0.0252;0.0336;-0.0982;;8.04
2026-02-14T14:06:46.967966;mvtec_AD/screw;cont_30pct_none;0.3;none;10;10;10;3;0;160;41;119;3;5;95;0.5880;0.8134;0.8530;0.1345;0.1345;-0.0931;;7.65
2026-02-14T14:06:54.885259;mvtec_AD/screw;cont_30pct_loo_patch;0.3;loo_patch;10;10;10;3;392;160;41;119;3;5;95;0.5302;0.7593;0.8530;0.0168;0.0588;-0.1509;-0.6211;7.92
2026-02-14T14:07:02.572418;mvtec_AD/screw;cont_0pct_none;0.0;none;10;10;10;0;0;160;41;119;3;7;95;0.6790;0.8451;0.8550;0.0756;0.1429;;;7.58
2026-02-14T14:07:10.650291;mvtec_AD/screw;cont_0pct_loo_patch;0.0;loo_patch;10;10;10;0;392;160;41;119;3;7;95;0.5895;0.7893;0.8530;0.0252;0.0672;-0.0896;;8.08
2026-02-14T14:07:18.338771;mvtec_AD/screw;cont_30pct_none;0.3;none;10;10;10;3;0;160;41;119;3;7;95;0.5862;0.8124;0.8530;0.1261;0.1429;-0.0928;;7.67
2026-02-14T14:07:26.458931;mvtec_AD/screw;cont_30pct_loo_patch;0.3;loo_patch;10;10;10;3;392;160;41;119;3;7;95;0.5261;0.7521;0.8530;0.0084;0.0504;-0.1529;-0.6468;8.12
2026-02-14T14:07:34.232901;mvtec_AD/screw;cont_0pct_none;0.0;none;10;10;10;0;0;160;41;119;3;10;95;0.6686;0.8275;0.8530;0.0336;0.0924;;;7.66
2026-02-14T14:07:42.390852;mvtec_AD/screw;cont_0pct_loo_patch;0.0;loo_patch;10;10;10;0;392;160;41;119;3;10;95;0.5735;0.7870;0.8530;0.0336;0.0672;-0.0951;;8.15
2026-02-14T14:07:49.942675;mvtec_AD/screw;cont_30pct_none;0.3;none;10;10;10;3;0;160;41;119;3;10;95;0.5802;0.8062;0.8530;0.0924;0.1429;-0.0883;;7.54
2026-02-14T14:07:58.101562;mvtec_AD/screw;cont_30pct_loo_patch;0.3;loo_patch;10;10;10;3;392;160;41;119;3;10;95;0.5409;0.7682;0.8530;0.0168;0.0756;-0.1277;-0.4455;8.16
2026-02-14T14:08:05.852560;mvtec_AD/screw;cont_0pct_none;0.0;none;10;10;10;0;0;160;41;119;4;1;95;0.6122;0.7996;0.8592;0.0252;0.1092;;;7.64
2026-02-14T14:08:13.806802;mvtec_AD/screw;cont_0pct_loo_patch;0.0;loo_patch;10;10;10;0;392;160;41;119;4;1;95;0.5561;0.7553;0.8593;0.0084;0.0252;-0.0562;;7.95
2026-02-14T14:08:21.446062;mvtec_AD/screw;cont_30pct_none;0.3;none;10;10;10;3;0;160;41;119;4;1;95;0.6266;0.8301;0.8530;0.1092;0.1849;0.0143;;7.63
2026-02-14T14:08:29.373399;mvtec_AD/screw;cont_30pct_loo_patch;0.3;loo_patch;10;10;10;3;391;160;41;119;4;1;95;0.6153;0.8296;0.8561;0.0924;0.1765;0.0031;0.7857;7.92
2026-02-14T14:08:36.915481;mvtec_AD/screw;cont_0pct_none;0.0;none;10;10;10;0;0;160;41;119;4;3;95;0.6120;0.8070;0.8592;0.0336;0.1092;;;7.43
2026-02-14T14:08:44.823874;mvtec_AD/screw;cont_0pct_loo_patch;0.0;loo_patch;10;10;10;0;392;160;41;119;4;3;95;0.5522;0.7578;0.8592;0.0084;0.0168;-0.0598;;7.91
2026-02-14T14:08:52.375327;mvtec_AD/screw;cont_30pct_none;0.3;none;10;10;10;3;0;160;41;119;4;3;95;0.6237;0.8288;0.8530;0.1092;0.1597;0.0117;;7.54
2026-02-14T14:09:00.330274;mvtec_AD/screw;cont_30pct_loo_patch;0.3;loo_patch;10;10;10;3;392;160;41;119;4;3;95;0.5995;0.8240;0.8561;0.0840;0.1681;-0.0125;2.0702;7.95
2026-02-14T14:09:08.026760;mvtec_AD/screw;cont_0pct_none;0.0;none;10;10;10;0;0;160;41;119;4;5;95;0.6196;0.8162;0.8655;0.0336;0.1597;;;7.58
2026-02-14T14:09:16.034698;mvtec_AD/screw;cont_0pct_loo_patch;0.0;loo_patch;10;10;10;0;392;160;41;119;4;5;95;0.5544;0.7620;0.8655;0.0168;0.0420;-0.0652;;8.00
2026-02-14T14:09:23.610118;mvtec_AD/screw;cont_30pct_none;0.3;none;10;10;10;3;0;160;41;119;4;5;95;0.6114;0.8170;0.8530;0.0504;0.1176;-0.0082;;7.56
2026-02-14T14:09:31.494693;mvtec_AD/screw;cont_30pct_loo_patch;0.3;loo_patch;10;10;10;3;392;160;41;119;4;5;95;0.5927;0.8187;0.8623;0.0840;0.1597;-0.0268;-2.2750;7.88
2026-02-14T14:09:39.109846;mvtec_AD/screw;cont_0pct_none;0.0;none;10;10;10;0;0;160;41;119;4;7;95;0.6216;0.8162;0.8655;0.0336;0.0756;;;7.50
2026-02-14T14:09:47.048313;mvtec_AD/screw;cont_0pct_loo_patch;0.0;loo_patch;10;10;10;0;392;160;41;119;4;7;95;0.5563;0.7608;0.8655;0.0084;0.0504;-0.0654;;7.93
2026-02-14T14:09:54.559805;mvtec_AD/screw;cont_30pct_none;0.3;none;10;10;10;3;0;160;41;119;4;7;95;0.6214;0.8184;0.8530;0.0336;0.1513;-0.0002;;7.50
2026-02-14T14:10:02.433315;mvtec_AD/screw;cont_30pct_loo_patch;0.3;loo_patch;10;10;10;3;392;160;41;119;4;7;95;0.6024;0.8248;0.8592;0.0924;0.2353;-0.0193;-93.0000;7.87
2026-02-14T14:10:09.985151;mvtec_AD/screw;cont_0pct_none;0.0;none;10;10;10;0;0;160;41;119;4;10;95;0.6046;0.8093;0.8655;0.0336;0.0420;;;7.44
2026-02-14T14:10:17.986271;mvtec_AD/screw;cont_0pct_loo_patch;0.0;loo_patch;10;10;10;0;392;160;41;119;4;10;95;0.5563;0.7718;0.8667;0.0252;0.0504;-0.0484;;8.00
2026-02-14T14:10:25.666056;mvtec_AD/screw;cont_30pct_none;0.3;none;10;10;10;3;0;160;41;119;4;10;95;0.6245;0.8204;0.8561;0.0336;0.1429;0.0199;;7.67
2026-02-14T14:10:33.618038;mvtec_AD/screw;cont_30pct_loo_patch;0.3;loo_patch;10;10;10;3;392;160;41;119;4;10;95;0.6016;0.8158;0.8625;0.0588;0.1597;-0.0031;1.1546;7.95
2026-02-14T14:10:43.841078;VisA/pcb1;cont_0pct_none;0.0;none;10;10;10;0;0;200;100;100;0;1;95;0.9380;0.9310;0.8750;0.5500;0.6700;;;8.98
2026-02-14T14:10:53.398047;VisA/pcb1;cont_0pct_loo_patch;0.0;loo_patch;10;10;10;0;392;200;100;100;0;1;95;0.9395;0.9345;0.8641;0.5700;0.7000;0.0015;;9.55
2026-02-14T14:11:02.547489;VisA/pcb1;cont_30pct_none;0.3;none;10;10;10;3;0;200;100;100;0;1;95;0.8697;0.8707;0.8455;0.3300;0.4400;-0.0683;;9.13
2026-02-14T14:11:12.203132;VisA/pcb1;cont_30pct_loo_patch;0.3;loo_patch;10;10;10;3;392;200;100;100;0;1;95;0.9057;0.8933;0.8584;0.3100;0.4100;-0.0323;0.5271;9.65
2026-02-14T14:11:21.442013;VisA/pcb1;cont_0pct_none;0.0;none;10;10;10;0;0;200;100;100;0;3;95;0.9365;0.9310;0.8621;0.6200;0.6500;;;9.11
2026-02-14T14:11:30.973165;VisA/pcb1;cont_0pct_loo_patch;0.0;loo_patch;10;10;10;0;392;200;100;100;0;3;95;0.9389;0.9337;0.8750;0.4600;0.7100;0.0024;;9.53
2026-02-14T14:11:40.090683;VisA/pcb1;cont_30pct_none;0.3;none;10;10;10;3;0;200;100;100;0;3;95;0.8787;0.8808;0.8444;0.3100;0.4000;-0.0578;;9.10
2026-02-14T14:11:49.736140;VisA/pcb1;cont_30pct_loo_patch;0.3;loo_patch;10;10;10;3;392;200;100;100;0;3;95;0.9238;0.9138;0.8584;0.3000;0.5700;-0.0127;0.7803;9.64
2026-02-14T14:11:58.953920;VisA/pcb1;cont_0pct_none;0.0;none;10;10;10;0;0;200;100;100;0;5;95;0.9321;0.9285;0.8638;0.4500;0.6700;;;9.09
2026-02-14T14:12:08.522050;VisA/pcb1;cont_0pct_loo_patch;0.0;loo_patch;10;10;10;0;392;200;100;100;0;5;95;0.9355;0.9313;0.8638;0.4700;0.6800;0.0034;;9.56
2026-02-14T14:12:17.502809;VisA/pcb1;cont_30pct_none;0.3;none;10;10;10;3;0;200;100;100;0;5;95;0.8884;0.8967;0.8435;0.4000;0.4900;-0.0437;;8.97
2026-02-14T14:12:27.070254;VisA/pcb1;cont_30pct_loo_patch;0.3;loo_patch;10;10;10;3;392;200;100;100;0;5;95;0.9223;0.9155;0.8612;0.4000;0.5800;-0.0098;0.7757;9.56
2026-02-14T14:12:36.257004;VisA/pcb1;cont_0pct_none;0.0;none;10;10;10;0;0;200;100;100;0;7;95;0.9305;0.9277;0.8584;0.4500;0.6800;;;9.08
2026-02-14T14:12:45.723233;VisA/pcb1;cont_0pct_loo_patch;0.0;loo_patch;10;10;10;0;392;200;100;100;0;7;95;0.9377;0.9328;0.8696;0.3900;0.6900;0.0072;;9.46
2026-02-14T14:12:54.728827;VisA/pcb1;cont_30pct_none;0.3;none;10;10;10;3;0;200;100;100;0;7;95;0.8885;0.8920;0.8458;0.3700;0.5000;-0.0420;;8.99
2026-02-14T14:13:04.266353;VisA/pcb1;cont_30pct_loo_patch;0.3;loo_patch;10;10;10;3;392;200;100;100;0;7;95;0.9285;0.9232;0.8611;0.3900;0.5700;-0.0020;0.9524;9.53
2026-02-14T14:13:13.433920;VisA/pcb1;cont_0pct_none;0.0;none;10;10;10;0;0;200;100;100;0;10;95;0.9250;0.9223;0.8598;0.4400;0.6200;;;9.06
2026-02-14T14:13:23.014312;VisA/pcb1;cont_0pct_loo_patch;0.0;loo_patch;10;10;10;0;392;200;100;100;0;10;95;0.9373;0.9348;0.8651;0.4200;0.6500;0.0123;;9.58
2026-02-14T14:13:32.015618;VisA/pcb1;cont_30pct_none;0.3;none;10;10;10;3;0;200;100;100;0;10;95;0.9057;0.8956;0.8485;0.2800;0.5100;-0.0193;;8.99
2026-02-14T14:13:41.647801;VisA/pcb1;cont_30pct_loo_patch;0.3;loo_patch;10;10;10;3;392;200;100;100;0;10;95;0.9447;0.9394;0.8835;0.3100;0.6900;0.0197;2.0207;9.63
2026-02-14T14:13:50.750965;VisA/pcb1;cont_0pct_none;0.0;none;10;10;10;0;0;200;100;100;1;1;95;0.9426;0.9393;0.8732;0.5000;0.7100;;;9.00
2026-02-14T14:14:00.210185;VisA/pcb1;cont_0pct_loo_patch;0.0;loo_patch;10;10;10;0;391;200;100;100;1;1;95;0.9438;0.9421;0.8621;0.5800;0.7500;0.0012;;9.46
2026-02-14T14:14:09.375043;VisA/pcb1;cont_30pct_none;0.3;none;10;10;10;3;0;200;100;100;1;1;95;0.9125;0.9198;0.8785;0.3900;0.6700;-0.0301;;9.15
2026-02-14T14:14:18.959556;VisA/pcb1;cont_30pct_loo_patch;0.3;loo_patch;10;10;10;3;392;200;100;100;1;1;95;0.9219;0.9158;0.8696;0.3500;0.5800;-0.0207;0.3123;9.58
2026-02-14T14:14:28.066071;VisA/pcb1;cont_0pct_none;0.0;none;10;10;10;0;0;200;100;100;1;3;95;0.9453;0.9431;0.8756;0.4800;0.6800;;;9.01
2026-02-14T14:14:37.552367;VisA/pcb1;cont_0pct_loo_patch;0.0;loo_patch;10;10;10;0;392;200;100;100;1;3;95;0.9438;0.9386;0.8832;0.4100;0.7500;-0.0015;;9.48
2026-02-14T14:14:46.528057;VisA/pcb1;cont_30pct_none;0.3;none;10;10;10;3;0;200;100;100;1;3;95;0.9102;0.9174;0.8762;0.4900;0.6400;-0.0351;;8.96
2026-02-14T14:14:56.059402;VisA/pcb1;cont_30pct_loo_patch;0.3;loo_patch;10;10;10;3;392;200;100;100;1;3;95;0.9399;0.9316;0.8716;0.3200;0.7100;-0.0054;0.8462;9.53
2026-02-14T14:15:05.097808;VisA/pcb1;cont_0pct_none;0.0;none;10;10;10;0;0;200;100;100;1;5;95;0.9440;0.9439;0.8673;0.5500;0.6600;;;8.94
2026-02-14T14:15:14.626714;VisA/pcb1;cont_0pct_loo_patch;0.0;loo_patch;10;10;10;0;392;200;100;100;1;5;95;0.9271;0.9198;0.8598;0.4100;0.6300;-0.0169;;9.53
2026-02-14T14:15:23.681158;VisA/pcb1;cont_30pct_none;0.3;none;10;10;10;3;0;200;100;100;1;5;95;0.9137;0.9224;0.8559;0.5300;0.6800;-0.0303;;9.04
2026-02-14T14:15:33.427980;VisA/pcb1;cont_30pct_loo_patch;0.3;loo_patch;10;10;10;3;392;200;100;100;1;5;95;0.9398;0.9381;0.8720;0.5000;0.6600;-0.0042;0.8614;9.74
2026-02-14T14:15:42.495337;VisA/pcb1;cont_0pct_none;0.0;none;10;10;10;0;0;200;100;100;1;7;95;0.9467;0.9460;0.8780;0.5600;0.7000;;;8.97
2026-02-14T14:15:52.003803;VisA/pcb1;cont_0pct_loo_patch;0.0;loo_patch;10;10;10;0;392;200;100;100;1;7;95;0.9311;0.9242;0.8744;0.3300;0.6600;-0.0156;;9.50
2026-02-14T14:16:01.020672;VisA/pcb1;cont_30pct_none;0.3;none;10;10;10;3;0;200;100;100;1;7;95;0.9223;0.9308;0.8557;0.5500;0.6900;-0.0244;;9.01
2026-02-14T14:16:10.540077;VisA/pcb1;cont_30pct_loo_patch;0.3;loo_patch;10;10;10;3;392;200;100;100;1;7;95;0.9387;0.9367;0.8646;0.4400;0.7000;-0.0080;0.6721;9.52
2026-02-14T14:16:19.685605;VisA/pcb1;cont_0pct_none;0.0;none;10;10;10;0;0;200;100;100;1;10;95;0.9505;0.9514;0.8812;0.5100;0.7300;;;9.04
2026-02-14T14:16:29.250820;VisA/pcb1;cont_0pct_loo_patch;0.0;loo_patch;10;10;10;0;392;200;100;100;1;10;95;0.9339;0.9315;0.8679;0.4100;0.6400;-0.0166;;9.56
2026-02-14T14:16:38.258960;VisA/pcb1;cont_30pct_none;0.3;none;10;10;10;3;0;200;100;100;1;10;95;0.9296;0.9351;0.8657;0.4900;0.6400;-0.0209;;9.00
2026-02-14T14:16:47.752394;VisA/pcb1;cont_30pct_loo_patch;0.3;loo_patch;10;10;10;3;392;200;100;100;1;10;95;0.9402;0.9369;0.8670;0.4600;0.7000;-0.0103;0.5072;9.49
2026-02-14T14:16:56.850313;VisA/pcb1;cont_0pct_none;0.0;none;10;10;10;0;0;200;100;100;2;1;95;0.9203;0.9097;0.8621;0.2800;0.4600;;;9.00
2026-02-14T14:17:06.405922;VisA/pcb1;cont_0pct_loo_patch;0.0;loo_patch;10;10;10;0;392;200;100;100;2;1;95;0.9162;0.9063;0.8621;0.3400;0.4900;-0.0041;;9.55
2026-02-14T14:17:15.567713;VisA/pcb1;cont_30pct_none;0.3;none;10;10;10;3;0;200;100;100;2;1;95;0.8507;0.8500;0.8435;0.2800;0.3900;-0.0696;;9.15
2026-02-14T14:17:25.112790;VisA/pcb1;cont_30pct_loo_patch;0.3;loo_patch;10;10;10;3;392;200;100;100;2;1;95;0.9029;0.8889;0.8609;0.3000;0.4900;-0.0174;0.7500;9.54
2026-02-14T14:17:34.289957;VisA/pcb1;cont_0pct_none;0.0;none;10;10;10;0;0;200;100;100;2;3;95;0.9213;0.9108;0.8621;0.2800;0.5900;;;9.08
2026-02-14T14:17:43.755854;VisA/pcb1;cont_0pct_loo_patch;0.0;loo_patch;10;10;10;0;392;200;100;100;2;3;95;0.9155;0.9056;0.8571;0.3200;0.5100;-0.0058;;9.46
2026-02-14T14:17:52.800359;VisA/pcb1;cont_30pct_none;0.3;none;10;10;10;3;0;200;100;100;2;3;95;0.8603;0.8607;0.8421;0.2900;0.4300;-0.0610;;9.03
2026-02-14T14:18:02.271038;VisA/pcb1;cont_30pct_loo_patch;0.3;loo_patch;10;10;10;3;392;200;100;100;2;3;95;0.9069;0.8970;0.8571;0.3300;0.5500;-0.0144;0.7639;9.47
2026-02-14T14:18:11.386587;VisA/pcb1;cont_0pct_none;0.0;none;10;10;10;0;0;200;100;100;2;5;95;0.9163;0.9055;0.8621;0.2700;0.5600;;;9.01
2026-02-14T14:18:21.003333;VisA/pcb1;cont_0pct_loo_patch;0.0;loo_patch;10;10;10;0;392;200;100;100;2;5;95;0.9203;0.9139;0.8571;0.3700;0.5500;0.0040;;9.61
2026-02-14T14:18:30.123637;VisA/pcb1;cont_30pct_none;0.3;none;10;10;10;3;0;200;100;100;2;5;95;0.8692;0.8666;0.8458;0.2300;0.4900;-0.0471;;9.11
2026-02-14T14:18:39.725876;VisA/pcb1;cont_30pct_loo_patch;0.3;loo_patch;10;10;10;3;392;200;100;100;2;5;95;0.8994;0.8881;0.8571;0.2900;0.4900;-0.0169;0.6412;9.60
2026-02-14T14:18:48.806115;VisA/pcb1;cont_0pct_none;0.0;none;10;10;10;0;0;200;100;100;2;7;95;0.9199;0.9118;0.8584;0.2900;0.5900;;;8.97
2026-02-14T14:18:58.277267;VisA/pcb1;cont_0pct_loo_patch;0.0;loo_patch;10;10;10;0;392;200;100;100;2;7;95;0.9216;0.9155;0.8571;0.3900;0.5400;0.0017;;9.47
2026-02-14T14:19:07.326966;VisA/pcb1;cont_30pct_none;0.3;none;10;10;10;3;0;200;100;100;2;7;95;0.8685;0.8621;0.8533;0.2100;0.4600;-0.0514;;9.04
2026-02-14T14:19:16.913981;VisA/pcb1;cont_30pct_loo_patch;0.3;loo_patch;10;10;10;3;392;200;100;100;2;7;95;0.9110;0.9009;0.8571;0.2300;0.5900;-0.0089;0.8268;9.58
2026-02-14T14:19:26.114766;VisA/pcb1;cont_0pct_none;0.0;none;10;10;10;0;0;200;100;100;2;10;95;0.9163;0.9095;0.8571;0.3200;0.5500;;;9.10
2026-02-14T14:19:35.850238;VisA/pcb1;cont_0pct_loo_patch;0.0;loo_patch;10;10;10;0;392;200;100;100;2;10;95;0.9182;0.9085;0.8571;0.3100;0.5300;0.0019;;9.73
2026-02-14T14:19:45.012797;VisA/pcb1;cont_30pct_none;0.3;none;10;10;10;3;0;200;100;100;2;10;95;0.8854;0.8731;0.8458;0.2300;0.4500;-0.0309;;9.15
2026-02-14T14:19:54.611630;VisA/pcb1;cont_30pct_loo_patch;0.3;loo_patch;10;10;10;3;392;200;100;100;2;10;95;0.9193;0.9142;0.8597;0.4200;0.5200;0.0030;1.0971;9.59
2026-02-14T14:20:03.816959;VisA/pcb1;cont_0pct_none;0.0;none;10;10;10;0;0;200;100;100;3;1;95;0.9336;0.9313;0.8641;0.5400;0.6400;;;9.11
2026-02-14T14:20:13.483528;VisA/pcb1;cont_0pct_loo_patch;0.0;loo_patch;10;10;10;0;392;200;100;100;3;1;95;0.9367;0.9271;0.8621;0.3800;0.6900;0.0031;;9.66
2026-02-14T14:20:22.696383;VisA/pcb1;cont_30pct_none;0.3;none;10;10;10;3;0;200;100;100;3;1;95;0.8635;0.8887;0.8105;0.3900;0.5800;-0.0701;;9.20
2026-02-14T14:20:32.186554;VisA/pcb1;cont_30pct_loo_patch;0.3;loo_patch;10;10;10;3;392;200;100;100;3;1;95;0.9282;0.9266;0.8684;0.4600;0.6200;-0.0054;0.9230;9.49
2026-02-14T14:20:41.423756;VisA/pcb1;cont_0pct_none;0.0;none;10;10;10;0;0;200;100;100;3;3;95;0.9368;0.9339;0.8679;0.4200;0.6600;;;9.13
2026-02-14T14:20:50.920424;VisA/pcb1;cont_0pct_loo_patch;0.0;loo_patch;10;10;10;0;392;200;100;100;3;3;95;0.9360;0.9291;0.8720;0.5100;0.6000;-0.0008;;9.49
2026-02-14T14:20:59.964015;VisA/pcb1;cont_30pct_none;0.3;none;10;10;10;3;0;200;100;100;3;3;95;0.8948;0.9103;0.8451;0.4800;0.5600;-0.0420;;9.03
2026-02-14T14:21:09.666924;VisA/pcb1;cont_30pct_loo_patch;0.3;loo_patch;10;10;10;3;392;200;100;100;3;3;95;0.9457;0.9425;0.8900;0.4500;0.6300;0.0089;1.2119;9.70
2026-02-14T14:21:18.773209;VisA/pcb1;cont_0pct_none;0.0;none;10;10;10;0;0;200;100;100;3;5;95;0.9492;0.9486;0.8812;0.4500;0.7600;;;9.00
2026-02-14T14:21:28.364335;VisA/pcb1;cont_0pct_loo_patch;0.0;loo_patch;10;10;10;0;392;200;100;100;3;5;95;0.9332;0.9270;0.8651;0.4600;0.6400;-0.0160;;9.59
2026-02-14T14:21:37.623295;VisA/pcb1;cont_30pct_none;0.3;none;10;10;10;3;0;200;100;100;3;5;95;0.9120;0.9251;0.8627;0.5700;0.6200;-0.0372;;9.24
2026-02-14T14:21:47.390215;VisA/pcb1;cont_30pct_loo_patch;0.3;loo_patch;10;10;10;3;392;200;100;100;3;5;95;0.9433;0.9401;0.8785;0.4500;0.6800;-0.0059;0.8414;9.76
2026-02-14T14:21:56.690473;VisA/pcb1;cont_0pct_none;0.0;none;10;10;10;0;0;200;100;100;3;7;95;0.9537;0.9516;0.8889;0.5200;0.7500;;;9.20
2026-02-14T14:22:06.379836;VisA/pcb1;cont_0pct_loo_patch;0.0;loo_patch;10;10;10;0;392;200;100;100;3;7;95;0.9317;0.9246;0.8621;0.5000;0.6200;-0.0220;;9.69
2026-02-14T14:22:15.437246;VisA/pcb1;cont_30pct_none;0.3;none;10;10;10;3;0;200;100;100;3;7;95;0.9119;0.9213;0.8716;0.4700;0.5900;-0.0418;;9.05
2026-02-14T14:22:24.985715;VisA/pcb1;cont_30pct_loo_patch;0.3;loo_patch;10;10;10;3;392;200;100;100;3;7;95;0.9430;0.9409;0.8711;0.4900;0.6400;-0.0107;0.7440;9.55
2026-02-14T14:22:34.191011;VisA/pcb1;cont_0pct_none;0.0;none;10;10;10;0;0;200;100;100;3;10;95;0.9523;0.9517;0.8812;0.5100;0.7600;;;9.11
2026-02-14T14:22:43.930925;VisA/pcb1;cont_0pct_loo_patch;0.0;loo_patch;10;10;10;0;392;200;100;100;3;10;95;0.9342;0.9280;0.8621;0.4100;0.6300;-0.0181;;9.74
2026-02-14T14:22:53.108885;VisA/pcb1;cont_30pct_none;0.3;none;10;10;10;3;0;200;100;100;3;10;95;0.9160;0.9262;0.8692;0.4900;0.5800;-0.0363;;9.16
2026-02-14T14:23:02.812305;VisA/pcb1;cont_30pct_loo_patch;0.3;loo_patch;10;10;10;3;392;200;100;100;3;10;95;0.9409;0.9391;0.8762;0.5100;0.5900;-0.0114;0.6860;9.70
2026-02-14T14:23:12.061002;VisA/pcb1;cont_0pct_none;0.0;none;10;10;10;0;0;200;100;100;4;1;95;0.9514;0.9521;0.8780;0.5600;0.7600;;;9.15
2026-02-14T14:23:21.635133;VisA/pcb1;cont_0pct_loo_patch;0.0;loo_patch;10;10;10;0;392;200;100;100;4;1;95;0.9435;0.9346;0.8911;0.4000;0.7300;-0.0079;;9.57
2026-02-14T14:23:30.665195;VisA/pcb1;cont_30pct_none;0.3;none;10;10;10;3;0;200;100;100;4;1;95;0.8574;0.8573;0.8472;0.1900;0.5100;-0.0940;;9.02
2026-02-14T14:23:40.200878;VisA/pcb1;cont_30pct_loo_patch;0.3;loo_patch;10;10;10;3;392;200;100;100;4;1;95;0.8872;0.8735;0.8584;0.2600;0.4100;-0.0642;0.3170;9.53
2026-02-14T14:23:49.397828;VisA/pcb1;cont_0pct_none;0.0;none;10;10;10;0;0;200;100;100;4;3;95;0.9475;0.9456;0.8800;0.5600;0.7000;;;9.10
2026-02-14T14:23:58.941796;VisA/pcb1;cont_0pct_loo_patch;0.0;loo_patch;10;10;10;0;392;200;100;100;4;3;95;0.9373;0.9291;0.8762;0.3500;0.6800;-0.0102;;9.54
2026-02-14T14:24:08.050811;VisA/pcb1;cont_30pct_none;0.3;none;10;10;10;3;0;200;100;100;4;3;95;0.8574;0.8587;0.8472;0.2800;0.4000;-0.0901;;9.10
2026-02-14T14:24:17.628747;VisA/pcb1;cont_30pct_loo_patch;0.3;loo_patch;10;10;10;3;392;200;100;100;4;3;95;0.8987;0.8851;0.8571;0.2400;0.4700;-0.0488;0.4584;9.57
2026-02-14T14:24:26.760891;VisA/pcb1;cont_0pct_none;0.0;none;10;10;10;0;0;200;100;100;4;5;95;0.9505;0.9482;0.8832;0.5600;0.7600;;;9.03
2026-02-14T14:24:36.367683;VisA/pcb1;cont_0pct_loo_patch;0.0;loo_patch;10;10;10;0;392;200;100;100;4;5;95;0.9408;0.9357;0.8774;0.4600;0.6800;-0.0097;;9.60
2026-02-14T14:24:45.342495;VisA/pcb1;cont_30pct_none;0.3;none;10;10;10;3;0;200;100;100;4;5;95;0.8705;0.8735;0.8421;0.3000;0.5400;-0.0800;;8.96
2026-02-14T14:24:54.982156;VisA/pcb1;cont_30pct_loo_patch;0.3;loo_patch;10;10;10;3;392;200;100;100;4;5;95;0.9083;0.8920;0.8571;0.2100;0.5100;-0.0422;0.4725;9.64
2026-02-14T14:25:04.103229;VisA/pcb1;cont_0pct_none;0.0;none;10;10;10;0;0;200;100;100;4;7;95;0.9568;0.9571;0.8947;0.6100;0.8500;;;9.02
2026-02-14T14:25:13.777909;VisA/pcb1;cont_0pct_loo_patch;0.0;loo_patch;10;10;10;0;392;200;100;100;4;7;95;0.9449;0.9443;0.8807;0.4500;0.7200;-0.0119;;9.67
2026-02-14T14:25:22.873378;VisA/pcb1;cont_30pct_none;0.3;none;10;10;10;3;0;200;100;100;4;7;95;0.8911;0.8899;0.8421;0.2700;0.5100;-0.0657;;9.08
2026-02-14T14:25:32.382125;VisA/pcb1;cont_30pct_loo_patch;0.3;loo_patch;10;10;10;3;392;200;100;100;4;7;95;0.9041;0.8884;0.8571;0.2600;0.4500;-0.0527;0.1979;9.51
2026-02-14T14:25:41.416996;VisA/pcb1;cont_0pct_none;0.0;none;10;10;10;0;0;200;100;100;4;10;95;0.9553;0.9549;0.9000;0.5700;0.7500;;;8.93
2026-02-14T14:25:51.037028;VisA/pcb1;cont_0pct_loo_patch;0.0;loo_patch;10;10;10;0;392;200;100;100;4;10;95;0.9394;0.9393;0.8679;0.5700;0.6200;-0.0159;;9.62
2026-02-14T14:26:00.229928;VisA/pcb1;cont_30pct_none;0.3;none;10;10;10;3;0;200;100;100;4;10;95;0.9143;0.9092;0.8511;0.3300;0.5400;-0.0410;;9.18
2026-02-14T14:26:09.877832;VisA/pcb1;cont_30pct_loo_patch;0.3;loo_patch;10;10;10;3;392;200;100;100;4;10;95;0.9166;0.9008;0.8696;0.2600;0.4600;-0.0387;0.0561;9.64
2026-02-14T14:26:23.409180;mvtec_loco_AD/breakfast_box;cont_0pct_none;0.0;none;10;10;10;0;0;275;102;173;0;1;95;0.7437;0.8722;0.7723;0.4624;0.5549;;;12.62
2026-02-14T14:26:36.221424;mvtec_loco_AD/breakfast_box;cont_0pct_loo_patch;0.0;loo_patch;10;10;10;0;392;275;102;173;0;1;95;0.7325;0.8664;0.7723;0.4624;0.5202;-0.0112;;12.81
2026-02-14T14:26:48.540056;mvtec_loco_AD/breakfast_box;cont_30pct_none;0.3;none;10;10;10;3;0;275;102;173;0;1;95;0.7467;0.8754;0.7723;0.4277;0.5549;0.0030;;12.31
2026-02-14T14:27:01.218398;mvtec_loco_AD/breakfast_box;cont_30pct_loo_patch;0.3;loo_patch;10;10;10;3;392;275;102;173;0;1;95;0.7522;0.8780;0.7723;0.4913;0.5145;0.0085;-1.8302;12.67
2026-02-14T14:27:13.814256;mvtec_loco_AD/breakfast_box;cont_0pct_none;0.0;none;10;10;10;0;0;275;102;173;0;3;95;0.7468;0.8703;0.7762;0.4393;0.5202;;;12.44
2026-02-14T14:27:26.775688;mvtec_loco_AD/breakfast_box;cont_0pct_loo_patch;0.0;loo_patch;10;10;10;0;392;275;102;173;0;3;95;0.7361;0.8637;0.7786;0.4624;0.4913;-0.0107;;12.96
2026-02-14T14:27:39.252065;mvtec_loco_AD/breakfast_box;cont_30pct_none;0.3;none;10;10;10;3;0;275;102;173;0;3;95;0.7411;0.8718;0.7723;0.4393;0.5318;-0.0057;;12.46
2026-02-14T14:27:52.039039;mvtec_loco_AD/breakfast_box;cont_30pct_loo_patch;0.3;loo_patch;10;10;10;3;392;275;102;173;0;3;95;0.7548;0.8774;0.7723;0.4566;0.5260;0.0080;2.4100;12.78
2026-02-14T14:28:04.425481;mvtec_loco_AD/breakfast_box;cont_0pct_none;0.0;none;10;10;10;0;0;275;102;173;0;5;95;0.7521;0.8716;0.7793;0.4335;0.4971;;;12.24
2026-02-14T14:28:17.175552;mvtec_loco_AD/breakfast_box;cont_0pct_loo_patch;0.0;loo_patch;10;10;10;0;392;275;102;173;0;5;95;0.7342;0.8628;0.7765;0.4624;0.4740;-0.0180;;12.75
2026-02-14T14:28:29.650160;mvtec_loco_AD/breakfast_box;cont_30pct_none;0.3;none;10;10;10;3;0;275;102;173;0;5;95;0.7386;0.8702;0.7723;0.4335;0.5029;-0.0135;;12.46
2026-02-14T14:28:42.516748;mvtec_loco_AD/breakfast_box;cont_30pct_loo_patch;0.3;loo_patch;10;10;10;3;392;275;102;173;0;5;95;0.7544;0.8774;0.7723;0.4451;0.5434;0.0023;1.1715;12.86
2026-02-14T14:28:55.104181;mvtec_loco_AD/breakfast_box;cont_0pct_none;0.0;none;10;10;10;0;0;275;102;173;0;7;95;0.7443;0.8683;0.7783;0.4451;0.5145;;;12.44
2026-02-14T14:29:07.883403;mvtec_loco_AD/breakfast_box;cont_0pct_loo_patch;0.0;loo_patch;10;10;10;0;392;275;102;173;0;7;95;0.7334;0.8618;0.7804;0.4335;0.4624;-0.0109;;12.78
2026-02-14T14:29:20.562621;mvtec_loco_AD/breakfast_box;cont_30pct_none;0.3;none;10;10;10;3;0;275;102;173;0;7;95;0.7432;0.8723;0.7723;0.4393;0.5202;-0.0011;;12.67
2026-02-14T14:29:33.564524;mvtec_loco_AD/breakfast_box;cont_30pct_loo_patch;0.3;loo_patch;10;10;10;3;392;275;102;173;0;7;95;0.7570;0.8787;0.7723;0.4451;0.5434;0.0127;12.7895;13.00
2026-02-14T14:29:46.146828;mvtec_loco_AD/breakfast_box;cont_0pct_none;0.0;none;10;10;10;0;0;275;102;173;0;10;95;0.7496;0.8700;0.7780;0.4335;0.4740;;;12.43
2026-02-14T14:29:58.893921;mvtec_loco_AD/breakfast_box;cont_0pct_loo_patch;0.0;loo_patch;10;10;10;0;392;275;102;173;0;10;95;0.7330;0.8613;0.7749;0.4162;0.4682;-0.0167;;12.74
2026-02-14T14:30:11.359604;mvtec_loco_AD/breakfast_box;cont_30pct_none;0.3;none;10;10;10;3;0;275;102;173;0;10;95;0.7492;0.8743;0.7723;0.4393;0.5145;-0.0005;;12.45
2026-02-14T14:30:24.195325;mvtec_loco_AD/breakfast_box;cont_30pct_loo_patch;0.3;loo_patch;10;10;10;3;392;275;102;173;0;10;95;0.7600;0.8805;0.7723;0.4451;0.5491;0.0104;23.8750;12.83
2026-02-14T14:30:36.715943;mvtec_loco_AD/breakfast_box;cont_0pct_none;0.0;none;10;10;10;0;0;275;102;173;1;1;95;0.7554;0.8733;0.7808;0.4509;0.4855;;;12.37
2026-02-14T14:30:49.413898;mvtec_loco_AD/breakfast_box;cont_0pct_loo_patch;0.0;loo_patch;10;10;10;0;392;275;102;173;1;1;95;0.7320;0.8600;0.7773;0.4162;0.4798;-0.0235;;12.69
2026-02-14T14:31:01.906387;mvtec_loco_AD/breakfast_box;cont_30pct_none;0.3;none;10;10;10;3;0;275;102;173;1;1;95;0.6985;0.8415;0.7723;0.4104;0.4393;-0.0570;;12.48
2026-02-14T14:31:14.705617;mvtec_loco_AD/breakfast_box;cont_30pct_loo_patch;0.3;loo_patch;10;10;10;3;392;275;102;173;1;1;95;0.7193;0.8535;0.7752;0.4451;0.4798;-0.0362;0.3652;12.80
2026-02-14T14:31:27.203882;mvtec_loco_AD/breakfast_box;cont_0pct_none;0.0;none;10;10;10;0;0;275;102;173;1;3;95;0.7512;0.8712;0.7763;0.4220;0.5029;;;12.35
2026-02-14T14:31:40.045750;mvtec_loco_AD/breakfast_box;cont_0pct_loo_patch;0.0;loo_patch;10;10;10;0;392;275;102;173;1;3;95;0.7235;0.8592;0.7755;0.4509;0.4971;-0.0278;;12.84
2026-02-14T14:31:52.477582;mvtec_loco_AD/breakfast_box;cont_30pct_none;0.3;none;10;10;10;3;0;275;102;173;1;3;95;0.6967;0.8409;0.7723;0.3988;0.4393;-0.0545;;12.42
2026-02-14T14:32:05.109807;mvtec_loco_AD/breakfast_box;cont_30pct_loo_patch;0.3;loo_patch;10;10;10;3;392;275;102;173;1;3;95;0.7207;0.8556;0.7723;0.4566;0.4682;-0.0305;0.4407;12.63
2026-02-14T14:32:17.674209;mvtec_loco_AD/breakfast_box;cont_0pct_none;0.0;none;10;10;10;0;0;275;102;173;1;5;95;0.7472;0.8705;0.7723;0.4566;0.5029;;;12.42
2026-02-14T14:32:30.486211;mvtec_loco_AD/breakfast_box;cont_0pct_loo_patch;0.0;loo_patch;10;10;10;0;392;275;102;173;1;5;95;0.7291;0.8612;0.7755;0.4624;0.4913;-0.0181;;12.81
2026-02-14T14:32:42.982187;mvtec_loco_AD/breakfast_box;cont_30pct_none;0.3;none;10;10;10;3;0;275;102;173;1;5;95;0.7070;0.8472;0.7723;0.3757;0.4509;-0.0402;;12.48
2026-02-14T14:32:55.776057;mvtec_loco_AD/breakfast_box;cont_30pct_loo_patch;0.3;loo_patch;10;10;10;3;392;275;102;173;1;5;95;0.7245;0.8584;0.7723;0.4162;0.4971;-0.0227;0.4366;12.79
2026-02-14T14:33:08.260487;mvtec_loco_AD/breakfast_box;cont_0pct_none;0.0;none;10;10;10;0;0;275;102;173;1;7;95;0.7492;0.8718;0.7740;0.4740;0.4971;;;12.34
2026-02-14T14:33:20.923769;mvtec_loco_AD/breakfast_box;cont_0pct_loo_patch;0.0;loo_patch;10;10;10;0;392;275;102;173;1;7;95;0.7350;0.8649;0.7740;0.4798;0.4798;-0.0142;;12.66
2026-02-14T14:33:33.295061;mvtec_loco_AD/breakfast_box;cont_30pct_none;0.3;none;10;10;10;3;0;275;102;173;1;7;95;0.7133;0.8516;0.7723;0.4104;0.4451;-0.0359;;12.36
2026-02-14T14:33:46.042671;mvtec_loco_AD/breakfast_box;cont_30pct_loo_patch;0.3;loo_patch;10;10;10;3;392;275;102;173;1;7;95;0.7287;0.8611;0.7723;0.4393;0.4855;-0.0205;0.4297;12.74
2026-02-14T14:33:58.581075;mvtec_loco_AD/breakfast_box;cont_0pct_none;0.0;none;10;10;10;0;0;275;102;173;1;10;95;0.7551;0.8752;0.7758;0.4682;0.4971;;;12.38
2026-02-14T14:34:11.474329;mvtec_loco_AD/breakfast_box;cont_0pct_loo_patch;0.0;loo_patch;10;10;10;0;392;275;102;173;1;10;95;0.7365;0.8653;0.7775;0.4682;0.4855;-0.0186;;12.89
2026-02-14T14:34:23.824830;mvtec_loco_AD/breakfast_box;cont_30pct_none;0.3;none;10;10;10;3;0;275;102;173;1;10;95;0.7164;0.8536;0.7723;0.3931;0.4335;-0.0388;;12.34
2026-02-14T14:34:36.444972;mvtec_loco_AD/breakfast_box;cont_30pct_loo_patch;0.3;loo_patch;10;10;10;3;392;275;102;173;1;10;95;0.7327;0.8632;0.7723;0.4566;0.4682;-0.0224;0.4225;12.62
2026-02-14T14:34:49.041806;mvtec_loco_AD/breakfast_box;cont_0pct_none;0.0;none;10;10;10;0;0;275;102;173;2;1;95;0.7915;0.8944;0.7824;0.4855;0.5665;;;12.45
2026-02-14T14:35:01.767495;mvtec_loco_AD/breakfast_box;cont_0pct_loo_patch;0.0;loo_patch;10;10;10;0;392;275;102;173;2;1;95;0.7797;0.8890;0.7780;0.4740;0.5780;-0.0117;;12.72
2026-02-14T14:35:14.095632;mvtec_loco_AD/breakfast_box;cont_30pct_none;0.3;none;10;10;10;3;0;275;102;173;2;1;95;0.7682;0.8844;0.7760;0.4740;0.5491;-0.0232;;12.32
2026-02-14T14:35:27.070270;mvtec_loco_AD/breakfast_box;cont_30pct_loo_patch;0.3;loo_patch;10;10;10;3;392;275;102;173;2;1;95;0.7658;0.8820;0.7760;0.4393;0.5376;-0.0256;-0.1024;12.97
2026-02-14T14:35:39.643883;mvtec_loco_AD/breakfast_box;cont_0pct_none;0.0;none;10;10;10;0;0;275;102;173;2;3;95;0.7921;0.8956;0.7816;0.5376;0.5607;;;12.42
2026-02-14T14:35:52.418382;mvtec_loco_AD/breakfast_box;cont_0pct_loo_patch;0.0;loo_patch;10;10;10;0;392;275;102;173;2;3;95;0.7800;0.8886;0.7788;0.5145;0.5376;-0.0121;;12.77
2026-02-14T14:36:04.892191;mvtec_loco_AD/breakfast_box;cont_30pct_none;0.3;none;10;10;10;3;0;275;102;173;2;3;95;0.7704;0.8842;0.7775;0.4971;0.5029;-0.0216;;12.46
2026-02-14T14:36:17.697652;mvtec_loco_AD/breakfast_box;cont_30pct_loo_patch;0.3;loo_patch;10;10;10;3;392;275;102;173;2;3;95;0.7637;0.8801;0.7739;0.4624;0.4971;-0.0284;-0.3115;12.80
2026-02-14T14:36:30.115398;mvtec_loco_AD/breakfast_box;cont_0pct_none;0.0;none;10;10;10;0;0;275;102;173;2;5;95;0.7823;0.8903;0.7790;0.5087;0.5434;;;12.27
2026-02-14T14:36:42.980120;mvtec_loco_AD/breakfast_box;cont_0pct_loo_patch;0.0;loo_patch;10;10;10;0;392;275;102;173;2;5;95;0.7797;0.8892;0.7816;0.5318;0.5491;-0.0027;;12.86
2026-02-14T14:36:55.527739;mvtec_loco_AD/breakfast_box;cont_30pct_none;0.3;none;10;10;10;3;0;275;102;173;2;5;95;0.7621;0.8788;0.7723;0.4855;0.5029;-0.0202;;12.53
2026-02-14T14:37:08.381502;mvtec_loco_AD/breakfast_box;cont_30pct_loo_patch;0.3;loo_patch;10;10;10;3;392;275;102;173;2;5;95;0.7537;0.8761;0.7723;0.4740;0.5145;-0.0286;-0.4146;12.85
2026-02-14T14:37:21.099307;mvtec_loco_AD/breakfast_box;cont_0pct_none;0.0;none;10;10;10;0;0;275;102;173;2;7;95;0.7881;0.8930;0.7834;0.5318;0.5491;;;12.57
2026-02-14T14:37:33.842799;mvtec_loco_AD/breakfast_box;cont_0pct_loo_patch;0.0;loo_patch;10;10;10;0;392;275;102;173;2;7;95;0.7810;0.8891;0.7834;0.5318;0.5434;-0.0070;;12.74
2026-02-14T14:37:46.237987;mvtec_loco_AD/breakfast_box;cont_30pct_none;0.3;none;10;10;10;3;0;275;102;173;2;7;95;0.7550;0.8760;0.7723;0.5029;0.5145;-0.0331;;12.38
2026-02-14T14:37:59.044558;mvtec_loco_AD/breakfast_box;cont_30pct_loo_patch;0.3;loo_patch;10;10;10;3;392;275;102;173;2;7;95;0.7573;0.8774;0.7723;0.4566;0.4913;-0.0307;0.0719;12.80
2026-02-14T14:38:11.645542;mvtec_loco_AD/breakfast_box;cont_0pct_none;0.0;none;10;10;10;0;0;275;102;173;2;10;95;0.7951;0.8977;0.7826;0.5376;0.5665;;;12.45
2026-02-14T14:38:24.719847;mvtec_loco_AD/breakfast_box;cont_0pct_loo_patch;0.0;loo_patch;10;10;10;0;392;275;102;173;2;10;95;0.7852;0.8923;0.7816;0.5318;0.5607;-0.0099;;13.07
2026-02-14T14:38:37.444319;mvtec_loco_AD/breakfast_box;cont_30pct_none;0.3;none;10;10;10;3;0;275;102;173;2;10;95;0.7616;0.8798;0.7723;0.4682;0.5202;-0.0335;;12.71
2026-02-14T14:38:50.188059;mvtec_loco_AD/breakfast_box;cont_30pct_loo_patch;0.3;loo_patch;10;10;10;3;392;275;102;173;2;10;95;0.7593;0.8786;0.7723;0.4220;0.5434;-0.0359;-0.0693;12.74
2026-02-14T14:39:02.626663;mvtec_loco_AD/breakfast_box;cont_0pct_none;0.0;none;10;10;10;0;0;275;102;173;3;1;95;0.7419;0.8668;0.7783;0.4104;0.4855;;;12.29
2026-02-14T14:39:15.379131;mvtec_loco_AD/breakfast_box;cont_0pct_loo_patch;0.0;loo_patch;10;10;10;0;392;275;102;173;3;1;95;0.7296;0.8605;0.7730;0.4220;0.4740;-0.0122;;12.75
2026-02-14T14:39:27.702160;mvtec_loco_AD/breakfast_box;cont_30pct_none;0.3;none;10;10;10;3;0;275;102;173;3;1;95;0.7126;0.8487;0.7729;0.3988;0.4393;-0.0293;;12.31
2026-02-14T14:39:40.432363;mvtec_loco_AD/breakfast_box;cont_30pct_loo_patch;0.3;loo_patch;10;10;10;3;392;275;102;173;3;1;95;0.7258;0.8565;0.7751;0.4104;0.4451;-0.0161;0.4507;12.73
2026-02-14T14:39:52.925976;mvtec_loco_AD/breakfast_box;cont_0pct_none;0.0;none;10;10;10;0;0;275;102;173;3;3;95;0.7285;0.8619;0.7830;0.4277;0.5029;;;12.34
2026-02-14T14:40:05.593569;mvtec_loco_AD/breakfast_box;cont_0pct_loo_patch;0.0;loo_patch;10;10;10;0;392;275;102;173;3;3;95;0.7182;0.8540;0.7783;0.4451;0.4509;-0.0103;;12.66
2026-02-14T14:40:18.065110;mvtec_loco_AD/breakfast_box;cont_30pct_none;0.3;none;10;10;10;3;0;275;102;173;3;3;95;0.7125;0.8486;0.7723;0.3931;0.4335;-0.0160;;12.46
2026-02-14T14:40:30.739465;mvtec_loco_AD/breakfast_box;cont_30pct_loo_patch;0.3;loo_patch;10;10;10;3;392;275;102;173;3;3;95;0.7271;0.8588;0.7723;0.4277;0.4393;-0.0014;0.9152;12.67
2026-02-14T14:40:43.280295;mvtec_loco_AD/breakfast_box;cont_0pct_none;0.0;none;10;10;10;0;0;275;102;173;3;5;95;0.7391;0.8642;0.7830;0.4046;0.4740;;;12.39
2026-02-14T14:40:56.108340;mvtec_loco_AD/breakfast_box;cont_0pct_loo_patch;0.0;loo_patch;10;10;10;0;392;275;102;173;3;5;95;0.7218;0.8564;0.7773;0.4335;0.4393;-0.0173;;12.83
2026-02-14T14:41:08.443433;mvtec_loco_AD/breakfast_box;cont_30pct_none;0.3;none;10;10;10;3;0;275;102;173;3;5;95;0.7154;0.8517;0.7723;0.3931;0.4451;-0.0237;;12.32
2026-02-14T14:41:21.087979;mvtec_loco_AD/breakfast_box;cont_30pct_loo_patch;0.3;loo_patch;10;10;10;3;392;275;102;173;3;5;95;0.7323;0.8621;0.7723;0.4277;0.4798;-0.0069;0.7112;12.64
2026-02-14T14:41:33.844596;mvtec_loco_AD/breakfast_box;cont_0pct_none;0.0;none;10;10;10;0;0;275;102;173;3;7;95;0.7371;0.8638;0.7791;0.4104;0.4798;;;12.61
2026-02-14T14:41:46.619847;mvtec_loco_AD/breakfast_box;cont_0pct_loo_patch;0.0;loo_patch;10;10;10;0;392;275;102;173;3;7;95;0.7258;0.8569;0.7793;0.4220;0.4335;-0.0112;;12.77
2026-02-14T14:41:59.021709;mvtec_loco_AD/breakfast_box;cont_30pct_none;0.3;none;10;10;10;3;0;275;102;173;3;7;95;0.7162;0.8516;0.7723;0.4046;0.4335;-0.0209;;12.39
2026-02-14T14:42:11.752974;mvtec_loco_AD/breakfast_box;cont_30pct_loo_patch;0.3;loo_patch;10;10;10;3;392;275;102;173;3;7;95;0.7281;0.8586;0.7723;0.4220;0.4566;-0.0090;0.5707;12.73
2026-02-14T14:42:24.453277;mvtec_loco_AD/breakfast_box;cont_0pct_none;0.0;none;10;10;10;0;0;275;102;173;3;10;95;0.7410;0.8653;0.7822;0.4162;0.4682;;;12.54
2026-02-14T14:42:37.296544;mvtec_loco_AD/breakfast_box;cont_0pct_loo_patch;0.0;loo_patch;10;10;10;0;392;275;102;173;3;10;95;0.7287;0.8589;0.7752;0.4277;0.4335;-0.0122;;12.84
2026-02-14T14:42:49.691148;mvtec_loco_AD/breakfast_box;cont_30pct_none;0.3;none;10;10;10;3;0;275;102;173;3;10;95;0.7274;0.8571;0.7723;0.3988;0.4393;-0.0135;;12.38
2026-02-14T14:43:02.484249;mvtec_loco_AD/breakfast_box;cont_30pct_loo_patch;0.3;loo_patch;10;10;10;3;392;275;102;173;3;10;95;0.7380;0.8638;0.7723;0.4277;0.4682;-0.0030;0.7782;12.79
2026-02-14T14:43:15.041120;mvtec_loco_AD/breakfast_box;cont_0pct_none;0.0;none;10;10;10;0;0;275;102;173;4;1;95;0.7785;0.8862;0.7845;0.3988;0.5318;;;12.41
2026-02-14T14:43:27.827274;mvtec_loco_AD/breakfast_box;cont_0pct_loo_patch;0.0;loo_patch;10;10;10;0;392;275;102;173;4;1;95;0.7709;0.8825;0.7748;0.4335;0.5318;-0.0075;;12.78
2026-02-14T14:43:40.145584;mvtec_loco_AD/breakfast_box;cont_30pct_none;0.3;none;10;10;10;3;0;275;102;173;4;1;95;0.7605;0.8790;0.7723;0.4277;0.5780;-0.0180;;12.31
2026-02-14T14:43:53.000162;mvtec_loco_AD/breakfast_box;cont_30pct_loo_patch;0.3;loo_patch;10;10;10;3;392;275;102;173;4;1;95;0.7658;0.8830;0.7723;0.4509;0.5434;-0.0127;0.2956;12.85
2026-02-14T14:44:05.606927;mvtec_loco_AD/breakfast_box;cont_0pct_none;0.0;none;10;10;10;0;0;275;102;173;4;3;95;0.7719;0.8838;0.7736;0.4393;0.5087;;;12.46
2026-02-14T14:44:18.315667;mvtec_loco_AD/breakfast_box;cont_0pct_loo_patch;0.0;loo_patch;10;10;10;0;392;275;102;173;4;3;95;0.7649;0.8807;0.7723;0.4682;0.4855;-0.0070;;12.70
2026-02-14T14:44:30.841397;mvtec_loco_AD/breakfast_box;cont_30pct_none;0.3;none;10;10;10;3;0;275;102;173;4;3;95;0.7635;0.8824;0.7723;0.4855;0.5665;-0.0084;;12.51
2026-02-14T14:44:43.768080;mvtec_loco_AD/breakfast_box;cont_30pct_loo_patch;0.3;loo_patch;10;10;10;3;392;275;102;173;4;3;95;0.7597;0.8797;0.7723;0.4162;0.5318;-0.0122;-0.4430;12.92
2026-02-14T14:44:56.248675;mvtec_loco_AD/breakfast_box;cont_0pct_none;0.0;none;10;10;10;0;0;275;102;173;4;5;95;0.7728;0.8839;0.7723;0.4451;0.5029;;;12.33
2026-02-14T14:45:09.023646;mvtec_loco_AD/breakfast_box;cont_0pct_loo_patch;0.0;loo_patch;10;10;10;0;392;275;102;173;4;5;95;0.7640;0.8795;0.7746;0.4798;0.5087;-0.0088;;12.77
2026-02-14T14:45:21.447608;mvtec_loco_AD/breakfast_box;cont_30pct_none;0.3;none;10;10;10;3;0;275;102;173;4;5;95;0.7580;0.8803;0.7723;0.4913;0.5318;-0.0148;;12.41
2026-02-14T14:45:34.301446;mvtec_loco_AD/breakfast_box;cont_30pct_loo_patch;0.3;loo_patch;10;10;10;3;392;275;102;173;4;5;95;0.7626;0.8822;0.7723;0.4566;0.5376;-0.0102;0.3103;12.85
2026-02-14T14:45:46.833406;mvtec_loco_AD/breakfast_box;cont_0pct_none;0.0;none;10;10;10;0;0;275;102;173;4;7;95;0.7709;0.8837;0.7731;0.4566;0.5087;;;12.37
2026-02-14T14:45:59.754376;mvtec_loco_AD/breakfast_box;cont_0pct_loo_patch;0.0;loo_patch;10;10;10;0;392;275;102;173;4;7;95;0.7646;0.8812;0.7723;0.4740;0.5087;-0.0063;;12.92
2026-02-14T14:46:12.442620;mvtec_loco_AD/breakfast_box;cont_30pct_none;0.3;none;10;10;10;3;0;275;102;173;4;7;95;0.7588;0.8793;0.7723;0.4798;0.5087;-0.0121;;12.68
2026-02-14T14:46:25.415357;mvtec_loco_AD/breakfast_box;cont_30pct_loo_patch;0.3;loo_patch;10;10;10;3;392;275;102;173;4;7;95;0.7628;0.8831;0.7723;0.5202;0.5376;-0.0080;0.3364;12.97
2026-02-14T14:46:38.159664;mvtec_loco_AD/breakfast_box;cont_0pct_none;0.0;none;10;10;10;0;0;275;102;173;4;10;95;0.7732;0.8850;0.7739;0.4162;0.5491;;;12.59
2026-02-14T14:46:51.282477;mvtec_loco_AD/breakfast_box;cont_0pct_loo_patch;0.0;loo_patch;10;10;10;0;392;275;102;173;4;10;95;0.7649;0.8816;0.7731;0.4798;0.5202;-0.0083;;13.12
2026-02-14T14:47:03.904152;mvtec_loco_AD/breakfast_box;cont_30pct_none;0.3;none;10;10;10;3;0;275;102;173;4;10;95;0.7589;0.8807;0.7723;0.5029;0.5145;-0.0143;;12.61
2026-02-14T14:47:16.710633;mvtec_loco_AD/breakfast_box;cont_30pct_loo_patch;0.3;loo_patch;10;10;10;3;392;275;102;173;4;10;95;0.7687;0.8857;0.7742;0.5145;0.5434;-0.0045;0.6877;12.80
2026-02-14T14:47:20.569374;btad/01;cont_0pct_none;0.0;none;10;10;10;0;0;70;21;49;0;1;95;0.9796;0.9933;0.9792;0.9592;0.9592;;;3.24
2026-02-14T14:47:24.630638;btad/01;cont_0pct_loo_patch;0.0;loo_patch;10;10;10;0;392;70;21;49;0;1;95;0.9903;0.9962;0.9792;0.9592;0.9592;0.0107;;4.06
2026-02-14T14:47:27.949466;btad/01;cont_30pct_none;0.3;none;10;10;10;3;0;70;21;49;0;1;95;0.9184;0.9740;0.9462;0.8980;0.8980;-0.0612;;3.31
2026-02-14T14:47:32.014806;btad/01;cont_30pct_loo_patch;0.3;loo_patch;10;10;10;3;392;70;21;49;0;1;95;0.9582;0.9865;0.9684;0.9388;0.9388;-0.0214;0.6508;4.06
2026-02-14T14:47:35.359276;btad/01;cont_0pct_none;0.0;none;10;10;10;0;0;70;21;49;0;3;95;0.9854;0.9947;0.9792;0.9592;0.9592;;;3.29
2026-02-14T14:47:39.444049;btad/01;cont_0pct_loo_patch;0.0;loo_patch;10;10;10;0;392;70;21;49;0;3;95;0.9874;0.9953;0.9792;0.9592;0.9592;0.0019;;4.08
2026-02-14T14:47:42.746543;btad/01;cont_30pct_none;0.3;none;10;10;10;3;0;70;21;49;0;3;95;0.9155;0.9730;0.9462;0.8980;0.8980;-0.0700;;3.29
2026-02-14T14:47:46.849035;btad/01;cont_30pct_loo_patch;0.3;loo_patch;10;10;10;3;392;70;21;49;0;3;95;0.9563;0.9858;0.9684;0.9388;0.9388;-0.0292;0.5833;4.10
2026-02-14T14:47:50.181407;btad/01;cont_0pct_none;0.0;none;10;10;10;0;0;70;21;49;0;5;95;0.9845;0.9943;0.9792;0.9592;0.9592;;;3.27
2026-02-14T14:47:54.239139;btad/01;cont_0pct_loo_patch;0.0;loo_patch;10;10;10;0;392;70;21;49;0;5;95;0.9903;0.9962;0.9792;0.9592;0.9592;0.0058;;4.05
2026-02-14T14:47:57.562734;btad/01;cont_30pct_none;0.3;none;10;10;10;3;0;70;21;49;0;5;95;0.9543;0.9846;0.9574;0.9184;0.9184;-0.0301;;3.31
2026-02-14T14:48:01.593474;btad/01;cont_30pct_loo_patch;0.3;loo_patch;10;10;10;3;392;70;21;49;0;5;95;0.9592;0.9866;0.9684;0.9388;0.9388;-0.0253;0.1613;4.03
2026-02-14T14:48:05.001315;btad/01;cont_0pct_none;0.0;none;10;10;10;0;0;70;21;49;0;7;95;0.9864;0.9949;0.9792;0.9592;0.9592;;;3.35
2026-02-14T14:48:09.069376;btad/01;cont_0pct_loo_patch;0.0;loo_patch;10;10;10;0;392;70;21;49;0;7;95;0.9854;0.9946;0.9792;0.9592;0.9592;-0.0010;;4.06
2026-02-14T14:48:12.396372;btad/01;cont_30pct_none;0.3;none;10;10;10;3;0;70;21;49;0;7;95;0.9563;0.9858;0.9684;0.9388;0.9388;-0.0301;;3.31
2026-02-14T14:48:16.496117;btad/01;cont_30pct_loo_patch;0.3;loo_patch;10;10;10;3;392;70;21;49;0;7;95;0.9572;0.9860;0.9684;0.9388;0.9388;-0.0292;0.0323;4.10
2026-02-14T14:48:19.827818;btad/01;cont_0pct_none;0.0;none;10;10;10;0;0;70;21;49;0;10;95;0.9864;0.9949;0.9792;0.9592;0.9592;;;3.28
2026-02-14T14:48:23.940642;btad/01;cont_0pct_loo_patch;0.0;loo_patch;10;10;10;0;392;70;21;49;0;10;95;0.9825;0.9937;0.9792;0.9592;0.9592;-0.0039;;4.11
2026-02-14T14:48:27.267113;btad/01;cont_30pct_none;0.3;none;10;10;10;3;0;70;21;49;0;10;95;0.9650;0.9881;0.9684;0.9388;0.9388;-0.0214;;3.31
2026-02-14T14:48:31.329591;btad/01;cont_30pct_loo_patch;0.3;loo_patch;10;10;10;3;392;70;21;49;0;10;95;0.9679;0.9892;0.9684;0.9388;0.9388;-0.0185;0.1364;4.06
2026-02-14T14:48:34.621743;btad/01;cont_0pct_none;0.0;none;10;10;10;0;0;70;21;49;1;1;95;0.9738;0.9911;0.9691;0.9388;0.9592;;;3.23
2026-02-14T14:48:38.640251;btad/01;cont_0pct_loo_patch;0.0;loo_patch;10;10;10;0;392;70;21;49;1;1;95;0.9767;0.9921;0.9792;0.9592;0.9592;0.0029;;4.02
2026-02-14T14:48:41.865137;btad/01;cont_30pct_none;0.3;none;10;10;10;3;0;70;21;49;1;1;95;0.9135;0.9720;0.9263;0.8571;0.8776;-0.0603;;3.21
2026-02-14T14:48:45.938664;btad/01;cont_30pct_loo_patch;0.3;loo_patch;10;10;10;3;392;70;21;49;1;1;95;0.9543;0.9848;0.9485;0.8980;0.9184;-0.0194;0.6774;4.07
2026-02-14T14:48:49.260547;btad/01;cont_0pct_none;0.0;none;10;10;10;0;0;70;21;49;1;3;95;0.9747;0.9913;0.9691;0.9388;0.9592;;;3.26
2026-02-14T14:48:53.328783;btad/01;cont_0pct_loo_patch;0.0;loo_patch;10;10;10;0;392;70;21;49;1;3;95;0.9757;0.9918;0.9792;0.9592;0.9592;0.0010;;4.07
2026-02-14T14:48:56.571351;btad/01;cont_30pct_none;0.3;none;10;10;10;3;0;70;21;49;1;3;95;0.9164;0.9729;0.9362;0.8571;0.8980;-0.0583;;3.23
2026-02-14T14:49:00.625174;btad/01;cont_30pct_loo_patch;0.3;loo_patch;10;10;10;3;392;70;21;49;1;3;95;0.9572;0.9857;0.9583;0.8980;0.9388;-0.0175;0.7000;4.05
2026-02-14T14:49:03.934169;btad/01;cont_0pct_none;0.0;none;10;10;10;0;0;70;21;49;1;5;95;0.9767;0.9921;0.9691;0.9592;0.9592;;;3.25
2026-02-14T14:49:08.004880;btad/01;cont_0pct_loo_patch;0.0;loo_patch;10;10;10;0;392;70;21;49;1;5;95;0.9776;0.9923;0.9792;0.9592;0.9592;0.0010;;4.07
2026-02-14T14:49:11.272316;btad/01;cont_30pct_none;0.3;none;10;10;10;3;0;70;21;49;1;5;95;0.9349;0.9783;0.9375;0.8571;0.8980;-0.0418;;3.26
2026-02-14T14:49:15.352142;btad/01;cont_30pct_loo_patch;0.3;loo_patch;10;10;10;3;392;70;21;49;1;5;95;0.9553;0.9852;0.9583;0.8980;0.9388;-0.0214;0.4884;4.08
2026-02-14T14:49:18.694448;btad/01;cont_0pct_none;0.0;none;10;10;10;0;0;70;21;49;1;7;95;0.9767;0.9921;0.9792;0.9592;0.9592;;;3.28
2026-02-14T14:49:22.778075;btad/01;cont_0pct_loo_patch;0.0;loo_patch;10;10;10;0;392;70;21;49;1;7;95;0.9776;0.9925;0.9792;0.9592;0.9592;0.0010;;4.08
2026-02-14T14:49:26.094239;btad/01;cont_30pct_none;0.3;none;10;10;10;3;0;70;21;49;1;7;95;0.9524;0.9835;0.9375;0.8776;0.8980;-0.0243;;3.30
2026-02-14T14:49:30.242402;btad/01;cont_30pct_loo_patch;0.3;loo_patch;10;10;10;3;392;70;21;49;1;7;95;0.9582;0.9856;0.9485;0.8980;0.9184;-0.0185;0.2400;4.15
2026-02-14T14:49:33.580539;btad/01;cont_0pct_none;0.0;none;10;10;10;0;0;70;21;49;1;10;95;0.9767;0.9921;0.9792;0.9592;0.9592;;;3.28
2026-02-14T14:49:37.698421;btad/01;cont_0pct_loo_patch;0.0;loo_patch;10;10;10;0;392;70;21;49;1;10;95;0.9776;0.9923;0.9792;0.9592;0.9592;0.0010;;4.11
2026-02-14T14:49:41.005504;btad/01;cont_30pct_none;0.3;none;10;10;10;3;0;70;21;49;1;10;95;0.9631;0.9868;0.9485;0.8980;0.9184;-0.0136;;3.29
2026-02-14T14:49:45.096842;btad/01;cont_30pct_loo_patch;0.3;loo_patch;10;10;10;3;392;70;21;49;1;10;95;0.9631;0.9868;0.9485;0.8980;0.9184;-0.0136;0.0000;4.09
2026-02-14T14:49:48.406153;btad/01;cont_0pct_none;0.0;none;10;10;10;0;0;70;21;49;2;1;95;0.9708;0.9901;0.9684;0.9388;0.9388;;;3.25
2026-02-14T14:49:52.412494;btad/01;cont_0pct_loo_patch;0.0;loo_patch;10;10;10;0;391;70;21;49;2;1;95;0.9796;0.9926;0.9684;0.9388;0.9388;0.0087;;4.00
2026-02-14T14:49:55.680124;btad/01;cont_30pct_none;0.3;none;10;10;10;3;0;70;21;49;2;1;95;0.9077;0.9707;0.9362;0.8776;0.8980;-0.0632;;3.26
2026-02-14T14:49:59.690723;btad/01;cont_30pct_loo_patch;0.3;loo_patch;10;10;10;3;392;70;21;49;2;1;95;0.9708;0.9904;0.9691;0.9388;0.9592;0.0000;1.0000;4.01
2026-02-14T14:50:03.032858;btad/01;cont_0pct_none;0.0;none;10;10;10;0;0;70;21;49;2;3;95;0.9718;0.9903;0.9684;0.9388;0.9388;;;3.28
2026-02-14T14:50:07.074755;btad/01;cont_0pct_loo_patch;0.0;loo_patch;10;10;10;0;392;70;21;49;2;3;95;0.9806;0.9931;0.9792;0.9592;0.9592;0.0087;;4.04
2026-02-14T14:50:10.333635;btad/01;cont_30pct_none;0.3;none;10;10;10;3;0;70;21;49;2;3;95;0.8999;0.9681;0.9348;0.8776;0.8776;-0.0719;;3.25
2026-02-14T14:50:14.398800;btad/01;cont_30pct_loo_patch;0.3;loo_patch;10;10;10;3;392;70;21;49;2;3;95;0.9621;0.9876;0.9684;0.9388;0.9388;-0.0097;0.8649;4.06
2026-02-14T14:50:17.756421;btad/01;cont_0pct_none;0.0;none;10;10;10;0;0;70;21;49;2;5;95;0.9699;0.9899;0.9691;0.9388;0.9592;;;3.30
2026-02-14T14:50:21.825058;btad/01;cont_0pct_loo_patch;0.0;loo_patch;10;10;10;0;392;70;21;49;2;5;95;0.9776;0.9923;0.9792;0.9592;0.9592;0.0078;;4.07
2026-02-14T14:50:25.101938;btad/01;cont_30pct_none;0.3;none;10;10;10;3;0;70;21;49;2;5;95;0.9223;0.9745;0.9348;0.8776;0.8776;-0.0476;;3.26
2026-02-14T14:50:29.240266;btad/01;cont_30pct_loo_patch;0.3;loo_patch;10;10;10;3;392;70;21;49;2;5;95;0.9670;0.9889;0.9684;0.9388;0.9388;-0.0029;0.9388;4.13
2026-02-14T14:50:32.660097;btad/01;cont_0pct_none;0.0;none;10;10;10;0;0;70;21;49;2;7;95;0.9767;0.9918;0.9691;0.9388;0.9592;;;3.36
2026-02-14T14:50:36.749807;btad/01;cont_0pct_loo_patch;0.0;loo_patch;10;10;10;0;392;70;21;49;2;7;95;0.9796;0.9928;0.9792;0.9592;0.9592;0.0029;;4.09
2026-02-14T14:50:40.050594;btad/01;cont_30pct_none;0.3;none;10;10;10;3;0;70;21;49;2;7;95;0.9378;0.9790;0.9462;0.8980;0.8980;-0.0389;;3.29
2026-02-14T14:50:44.066992;btad/01;cont_30pct_loo_patch;0.3;loo_patch;10;10;10;3;392;70;21;49;2;7;95;0.9699;0.9896;0.9684;0.9388;0.9388;-0.0068;0.8250;4.01
2026-02-14T14:50:47.412719;btad/01;cont_0pct_none;0.0;none;10;10;10;0;0;70;21;49;2;10;95;0.9747;0.9912;0.9691;0.9388;0.9592;;;3.28
2026-02-14T14:50:51.523521;btad/01;cont_0pct_loo_patch;0.0;loo_patch;10;10;10;0;392;70;21;49;2;10;95;0.9767;0.9919;0.9792;0.9592;0.9592;0.0019;;4.11
2026-02-14T14:50:54.836878;btad/01;cont_30pct_none;0.3;none;10;10;10;3;0;70;21;49;2;10;95;0.9631;0.9870;0.9574;0.9184;0.9184;-0.0117;;3.30
2026-02-14T14:50:59.017682;btad/01;cont_30pct_loo_patch;0.3;loo_patch;10;10;10;3;392;70;21;49;2;10;95;0.9699;0.9896;0.9684;0.9388;0.9388;-0.0049;0.5833;4.18
2026-02-14T14:51:02.350264;btad/01;cont_0pct_none;0.0;none;10;10;10;0;0;70;21;49;3;1;95;0.9767;0.9920;0.9792;0.9592;0.9592;;;3.27
2026-02-14T14:51:06.439125;btad/01;cont_0pct_loo_patch;0.0;loo_patch;10;10;10;0;392;70;21;49;3;1;95;0.9718;0.9904;0.9691;0.9388;0.9592;-0.0049;;4.09
2026-02-14T14:51:09.699678;btad/01;cont_30pct_none;0.3;none;10;10;10;3;0;70;21;49;3;1;95;0.9135;0.9724;0.9362;0.8776;0.8980;-0.0632;;3.25
2026-02-14T14:51:13.708435;btad/01;cont_30pct_loo_patch;0.3;loo_patch;10;10;10;3;392;70;21;49;3;1;95;0.9728;0.9906;0.9684;0.9388;0.9388;-0.0039;0.9385;4.01
2026-02-14T14:51:17.059516;btad/01;cont_0pct_none;0.0;none;10;10;10;0;0;70;21;49;3;3;95;0.9747;0.9912;0.9691;0.9592;0.9592;;;3.29
2026-02-14T14:51:21.156415;btad/01;cont_0pct_loo_patch;0.0;loo_patch;10;10;10;0;392;70;21;49;3;3;95;0.9767;0.9918;0.9691;0.9592;0.9592;0.0019;;4.09
2026-02-14T14:51:24.478224;btad/01;cont_30pct_none;0.3;none;10;10;10;3;0;70;21;49;3;3;95;0.9116;0.9714;0.9348;0.8776;0.8776;-0.0632;;3.31
2026-02-14T14:51:28.559404;btad/01;cont_30pct_loo_patch;0.3;loo_patch;10;10;10;3;392;70;21;49;3;3;95;0.9728;0.9906;0.9684;0.9388;0.9388;-0.0019;0.9692;4.08
2026-02-14T14:51:31.950656;btad/01;cont_0pct_none;0.0;none;10;10;10;0;0;70;21;49;3;5;95;0.9767;0.9918;0.9691;0.9388;0.9592;;;3.33
2026-02-14T14:51:36.052376;btad/01;cont_0pct_loo_patch;0.0;loo_patch;10;10;10;0;392;70;21;49;3;5;95;0.9767;0.9918;0.9691;0.9388;0.9592;0.0000;;4.10
2026-02-14T14:51:39.451870;btad/01;cont_30pct_none;0.3;none;10;10;10;3;0;70;21;49;3;5;95;0.9456;0.9813;0.9375;0.8776;0.8980;-0.0311;;3.39
2026-02-14T14:51:43.565675;btad/01;cont_30pct_loo_patch;0.3;loo_patch;10;10;10;3;392;70;21;49;3;5;95;0.9747;0.9911;0.9684;0.9388;0.9388;-0.0019;0.9375;4.11
2026-02-14T14:51:46.936490;btad/01;cont_0pct_none;0.0;none;10;10;10;0;0;70;21;49;3;7;95;0.9786;0.9923;0.9691;0.9388;0.9592;;;3.31
2026-02-14T14:51:51.073458;btad/01;cont_0pct_loo_patch;0.0;loo_patch;10;10;10;0;392;70;21;49;3;7;95;0.9796;0.9926;0.9691;0.9388;0.9592;0.0010;;4.13
2026-02-14T14:51:54.366428;btad/01;cont_30pct_none;0.3;none;10;10;10;3;0;70;21;49;3;7;95;0.9621;0.9869;0.9574;0.9184;0.9184;-0.0165;;3.28
2026-02-14T14:51:58.414368;btad/01;cont_30pct_loo_patch;0.3;loo_patch;10;10;10;3;392;70;21;49;3;7;95;0.9786;0.9922;0.9684;0.9388;0.9388;0.0000;1.0000;4.04
2026-02-14T14:52:01.771394;btad/01;cont_0pct_none;0.0;none;10;10;10;0;0;70;21;49;3;10;95;0.9796;0.9926;0.9691;0.9388;0.9592;;;3.29
2026-02-14T14:52:05.876354;btad/01;cont_0pct_loo_patch;0.0;loo_patch;10;10;10;0;392;70;21;49;3;10;95;0.9796;0.9926;0.9691;0.9388;0.9592;0.0000;;4.10
2026-02-14T14:52:09.177302;btad/01;cont_30pct_none;0.3;none;10;10;10;3;0;70;21;49;3;10;95;0.9738;0.9902;0.9574;0.9184;0.9184;-0.0058;;3.29
2026-02-14T14:52:13.298337;btad/01;cont_30pct_loo_patch;0.3;loo_patch;10;10;10;3;392;70;21;49;3;10;95;0.9796;0.9926;0.9684;0.9388;0.9388;0.0000;1.0000;4.12
2026-02-14T14:52:16.644078;btad/01;cont_0pct_none;0.0;none;10;10;10;0;0;70;21;49;4;1;95;0.9796;0.9927;0.9792;0.9592;0.9592;;;3.28
2026-02-14T14:52:20.711543;btad/01;cont_0pct_loo_patch;0.0;loo_patch;10;10;10;0;392;70;21;49;4;1;95;0.9738;0.9911;0.9792;0.9592;0.9592;-0.0058;;4.06
2026-02-14T14:52:24.049837;btad/01;cont_30pct_none;0.3;none;10;10;10;3;0;70;21;49;4;1;95;0.9174;0.9736;0.9462;0.8980;0.8980;-0.0622;;3.33
2026-02-14T14:52:28.114891;btad/01;cont_30pct_loo_patch;0.3;loo_patch;10;10;10;3;392;70;21;49;4;1;95;0.9786;0.9925;0.9792;0.9592;0.9592;-0.0010;0.9844;4.06
2026-02-14T14:52:31.515736;btad/01;cont_0pct_none;0.0;none;10;10;10;0;0;70;21;49;4;3;95;0.9757;0.9917;0.9792;0.9592;0.9592;;;3.33
2026-02-14T14:52:35.591537;btad/01;cont_0pct_loo_patch;0.0;loo_patch;10;10;10;0;392;70;21;49;4;3;95;0.9796;0.9928;0.9792;0.9592;0.9592;0.0039;;4.07
2026-02-14T14:52:38.860475;btad/01;cont_30pct_none;0.3;none;10;10;10;3;0;70;21;49;4;3;95;0.9135;0.9725;0.9462;0.8980;0.8980;-0.0622;;3.26
2026-02-14T14:52:43.061517;btad/01;cont_30pct_loo_patch;0.3;loo_patch;10;10;10;3;392;70;21;49;4;3;95;0.9757;0.9919;0.9792;0.9592;0.9592;0.0000;1.0000;4.20
2026-02-14T14:52:46.388300;btad/01;cont_0pct_none;0.0;none;10;10;10;0;0;70;21;49;4;5;95;0.9796;0.9928;0.9792;0.9592;0.9592;;;3.26
2026-02-14T14:52:50.406394;btad/01;cont_0pct_loo_patch;0.0;loo_patch;10;10;10;0;392;70;21;49;4;5;95;0.9815;0.9933;0.9792;0.9592;0.9592;0.0019;;4.02
2026-02-14T14:52:53.682781;btad/01;cont_30pct_none;0.3;none;10;10;10;3;0;70;21;49;4;5;95;0.9378;0.9800;0.9574;0.9184;0.9184;-0.0418;;3.27
2026-02-14T14:52:57.712030;btad/01;cont_30pct_loo_patch;0.3;loo_patch;10;10;10;3;392;70;21;49;4;5;95;0.9786;0.9926;0.9792;0.9592;0.9592;-0.0010;0.9767;4.03
2026-02-14T14:53:01.001209;btad/01;cont_0pct_none;0.0;none;10;10;10;0;0;70;21;49;4;7;95;0.9806;0.9930;0.9792;0.9592;0.9592;;;3.23
2026-02-14T14:53:05.035572;btad/01;cont_0pct_loo_patch;0.0;loo_patch;10;10;10;0;392;70;21;49;4;7;95;0.9796;0.9928;0.9792;0.9592;0.9592;-0.0010;;4.03
2026-02-14T14:53:08.284013;btad/01;cont_30pct_none;0.3;none;10;10;10;3;0;70;21;49;4;7;95;0.9718;0.9898;0.9583;0.9388;0.9388;-0.0087;;3.24
2026-02-14T14:53:12.353001;btad/01;cont_30pct_loo_patch;0.3;loo_patch;10;10;10;3;392;70;21;49;4;7;95;0.9796;0.9929;0.9792;0.9592;0.9592;-0.0010;0.8889;4.06
2026-02-14T14:53:15.654905;btad/01;cont_0pct_none;0.0;none;10;10;10;0;0;70;21;49;4;10;95;0.9806;0.9931;0.9792;0.9592;0.9592;;;3.24
2026-02-14T14:53:19.771973;btad/01;cont_0pct_loo_patch;0.0;loo_patch;10;10;10;0;392;70;21;49;4;10;95;0.9767;0.9919;0.9792;0.9592;0.9592;-0.0039;;4.11
2026-02-14T14:53:23.021209;btad/01;cont_30pct_none;0.3;none;10;10;10;3;0;70;21;49;4;10;95;0.9786;0.9926;0.9792;0.9592;0.9592;-0.0019;;3.24
2026-02-14T14:53:27.122995;btad/01;cont_30pct_loo_patch;0.3;loo_patch;10;10;10;3;392;70;21;49;4;10;95;0.9786;0.9926;0.9792;0.9592;0.9592;-0.0019;0.0000;4.10
